,CountryCode,CurrentHandle,NameFirst,NameLast,PlayerId,TotalUSDPrize
0,kr,MC,Min Chul,Jang,1000,506645.42
1,kr,sOs,Yoo Jin,Kim,2272,497206.27
2,kr,Life,Seung Hyun,Lee,1429,475900.67
3,kr,Polt,Sung Hoon,Choi,1003,451599.1
4,kr,INnoVation,Shin Hyung,Lee,2268,441857.09
5,kr,TY,Tae Yang,Jun,2224,440814.52
6,kr,Mvp,Jong Hyun,Jung,1002,404265.42
7,kr,MMA,Sung Won,Moon,1007,395456.54
8,kr,Byun,Hyun Woo,Byun,1017,389971.93
9,kr,PartinG,Lee Sak,Won,1132,355604.37
10,no,Snute,Jens,Aasgaard,1257,334526.98
11,kr,Zest,Sung Wook,Joo,4674,331634.91
12,kr,Maru,Sung Choo,Cho,1126,318353.5
13,pl,Nerchio,Artur,Bloch,1227,298026.03
14,kr,NesTea,Jae Duk,Lim,1001,287702.13
15,kr,TaeJa,Young Suh,Yoon,1061,284752.52
16,fr,Stephano,Ilyes,Satouri,1158,282466.02
17,kr,Dark,Ryung Woo,Park,3620,278852.29
18,kr,Leenock,Dong Nyung,Lee,1025,266543.13
19,kr,HerO,Hyeon Deok,Song,1086,264105.72
20,kr,DongRaeGu,Soo Ho,Park,1057,259858.98
21,kr,Bomber,Ji Sung,Choi,1030,256952.14
22,us,Neeb,Alex,Sunderhaft,3818,256733.5
23,kr,Stats,Dae Yeob,Kim,2236,244974.71
24,kr,Rain,Yoon Jong,Jung,3041,239358.36
25,kr,HyuN,Seok Hyun,Ko,1426,233413.6
26,kr,Classic,Doh Woo,Kim,2271,232901.18
27,kr,Jaedong,Jae Dong,Lee,1507,224833.53
28,kr,Solar,Min Soo,Kang,3657,221149.57
29,kr,herO,Joon Ho,Kim,3042,217695.24
30,kr,MarineKing,Jung Hoon,Lee,1004,211182.44
31,ca,Scarlett,Sasha,Hostyn,2280,195836.83
32,kr,soO,Yoon Su,Eu,3481,195206.29
33,kr,viOLet,Dong Hwan,Kim,1052,183368.96
34,kr,aLive,Lee Seok,Han,1033,179146.2
35,se,NaNiwa,Johan,Lucchesi,1094,177328.02
36,pl,MaNa,Grzegorz,Komincz,1225,173190.35
37,de,ShoWTimE,Tobias,Sieber,3811,172210.23
38,kr,Soulkey,Min Chul,Kim,2230,155784.34
39,kr,Dear,Dong Jun,Baek,2274,147801.3
40,kr,Hydra,Dong Won,Shin,2221,147391.89
41,ca,HuK,Chris,Loranger,1020,146635.93
42,kr,fOrGG,Ji Soo,Park,1129,146004.11
43,kr,PuMa,Ho Joon,Lee,1174,143862.24
44,kr,TRUE,Tae Su,Bang,3651,142494.16
45,tw,Sen,Chia Cheng,Yang,1076,140739.6
46,kr,GuMiho,Byung Jae,Koh,1064,139864.93
47,mx,SpeCial,Juan Carlos,Lopez,1175,134137.43
48,pl,Elazer,Mikołaj,Ogonowski,11418,132989.18
49,kr,Jjakji,Hoon Jung,Ji,1024,128920.0
50,kr,Patience,Ji Hyun,Jo,4977,122303.23
51,kr,Trap,Sung Ho,Cho,3435,119117.36
52,cn,Jim,Jin,Hui Cao,1236,118185.16
53,kr,Creator,Hyun Woo,Jang,1080,117014.05
54,cn,TooDming,Hui Ming,Huang,2775,114499.02
55,cn,iAsonu,Zhou,Hang,7995,112512.0
56,kr,StarDust,Seok Hee,Son,3521,111579.95
57,cn,XiGua,Lei,Wang,1239,109736.29
58,kr,ByuL,Ji Won,Han,3616,106432.57
59,kr,san,Cho-Won,Kang,1011,106413.62
60,kr,FruitDealer,Won Ki,Kim,1037,102860.5
61,kr,Rogue,Byung Ryul,Lee,4070,101701.24
62,kr,LosirA,Kang Ho,Hwang,1009,101597.55
63,se,ThorZaIN,Marcus,Eklöf,1123,101492.4
64,es,VortiX,Juan,Moreno Durán,1280,99478.46
65,kr,Ryung,Dong Won,Kim,1029,97724.37
66,de,TLO,Dario,Wünsch,1165,95956.03
67,kr,Flash,Young Ho,Lee,1505,95488.34
68,kr,Alicia,Joon Sik,Yang,1034,94907.1
69,kr,Symbol,Dong Hyun,Kang,1135,94856.43
70,kr,Genius,Min Soo,Jung,1018,93775.14
71,br,Kelazhur,Diego,Schwimer,6180,90980.46
72,fr,Lilbow,David,Moschetto,7992,90849.56
73,kr,First,Hyun Woo,Kang,2890,89725.4
74,ua,Bly,Aleksandr,Svusuyk,1285,89131.02
75,cn,MacSed,Xiang,Hu,1430,88230.55
76,kr,Squirtle,Hyun Woo,Park,1070,84841.02
77,kr,YoDa,Byung Hyun,Choi,1082,84119.07
78,de,HasuObs,Dennis,Schneider,1233,82075.79
79,ca,MaSa,Maru,Kim,3742,82042.8
80,kr,Curious,Won Pyo,Lee,1063,80816.73
81,kr,Seed,Ahn,Sang Won,1423,79729.38
82,fr,PtitDrogo,Théo,Freydière,8570,79013.3
83,nl,uThermal,Marc,Schlappi,2620,78278.26
84,dk,Bunny,Patrick,Brix,3091,76105.95
85,nl,Harstem,Kevin,de Koning,3613,76085.16
86,kr,RorO,No Yeol,Shin,2220,75807.36
87,kr,Oz,Hak Soo,Kim,1039,75684.57
88,tw,Has,Yu Feng,Ke,5420,75373.41
89,nl,Ret,Joseph,de Kroon,1092,73302.24
90,fi,Serral,Joona,Sotala,5513,71725.23
91,kr,Dream,Joong Hyuk,Cho,1081,70651.0
92,kr,Sniper,Tae Hoon,Kwon,1091,69739.36
93,kr,KeeN,Kyo Seok,Hwang,1036,68321.92
94,de,Socke,Giacomo,Thüs,1161,67780.06
95,kr,Heart,Kim,Min Hyuk,1424,66538.87
96,ua,DIMAGA,Dmytro,Filipchuk,1058,66288.11
97,kr,Cure,Doh Wook,Kim,7999,64468.56
98,us,IdrA,Greg,Fields,1060,64106.44
99,fr,MarineLorD,Alexis,Eusebio,4574,63984.05
0,ru,Happy,Dmitry,Kostin,1288,63545.5
1,cn,XY,Yao,Xiang,2833,63418.57
2,es,LucifroN,Pedro,Moreno Durán,1276,62777.29
3,fi,Welmu,Vesa,Hovinen,1478,61155.34
4,ua,Kas,Mihaylo,Hayda,1226,60926.55
5,se,SortOf,Rickard,Bergman,2795,60202.79
6,kr,duckdeok,Kyung Deok,Kim,1120,59588.88
7,kr,RevivaL,Dong Hyun,Kim,1062,59565.36
8,kr,SuperNoVa,Young Jin,Kim,1028,58858.61
9,de,HeRoMaRinE,Gabriel,Segat,3518,58847.12
10,nl,Grubby,Manuel,Schenkhuizen,1140,58205.73
11,au,iaguz,Ethan,Zugai,1240,56965.5
12,fr,FireCake,Sébastien,Lebbe,4301,52139.93
13,se,Zanster,Anton,Dahlström,5100,52043.25
14,ua,White-Ra,Aleksey,Krupnyk,1074,50614.31
15,kr,July,Sung Joon,Park,1005,50053.28
16,us,puCK,Leiya,Qual,3815,48665.31
17,kr,MyuNgSiK,Myung Sik,Kim,4035,47673.75
18,fi,elfi,Samuli,Sihvonen,1232,46848.42
19,kr,Impact,Joon Hyuk,Kim,4712,44878.65
20,cn,Cyan,Huang,Min,14540,43963.86
21,kr,Bbyong,Woo Yong,Jung,3436,43743.44
22,kr,Pigbaby,Hee Soo,Yang,3654,42667.22
23,kr,RainBOw,Sung Je,Kim,1045,42061.04
24,kr,TOP,Jung Hoon,Kim,1006,41845.54
25,kr,Hurricane,Ki Woong,Nam,3655,41720.48
26,fr,Dayshi,Antoine,Stievenart,2899,41661.37
27,se,SaSe,Kim,Hammar,1095,40968.67
28,kr,Super,Sung Min,Seo,2746,40918.74
29,kr,TheStC,Yun Sik,Choi,1133,40908.95
30,se,MorroW,Stefan,Andersson,1075,40679.55
31,kr,YongHwa,Yong Hwa,Choi,2418,40534.16
32,mx,Cham,Pablo,Cham Blanco,3045,39460.67
33,kr,Golden,Myung Hwan,Cho,1103,38901.37
34,kr,FanTaSy,Myung Hoon,Jung,2048,38799.2
35,no,TargA,Kristoffer,Marthinsen,1249,38760.11
36,kr,SeleCT,Kyung Hyun,Ryoo,1099,37867.53
37,cl,KiLLeR,Felipe,Zuñiga,1230,37579.04
38,kr,JYP,Jin Youn,Park,1084,37076.01
39,kr,RagnaroK,Hee Bum,Shin,3441,37040.1
40,se,SjoW,Jeffrey,Brusi,1100,36850.81
41,kr,GanZI,Dong Ju,Kim,1022,35315.75
42,kr,Rain,Seo Yong,Park,1046,34620.0
43,kr,NaDa,Yoon Yeol,Lee,1008,33984.88
44,kr,InCa,Joon Hyuk,Song,1013,33270.85
45,us,ViBE,Daniel,Scherlong,1324,32955.71
46,kr,Lyn,Joon,Park,1042,32954.09
47,ru,Brat_OK,Pavel,Kuznetsov,1264,32188.99
48,kr,Bunny,Jae Sung,Lee,3824,32002.85
49,gb,DeMusliM,Benjamin,Baker,1254,31612.56
50,kr,Sacsri,Yeh Hoon,Lee,4714,31503.48
51,kr,TAiLS,Won Hyung,Kim,1090,31453.9
52,cn,Loner,Yi,Dai,1088,31210.89
53,kr,Crank,Jae Won,Choi,2078,30903.55
54,kr,BBoongBBoong,Jong Hyuk,Choi,1159,30902.33
55,kr,sCsC,Seung Chul,Kim,1014,30757.95
56,cn,Top,Tao,Hu,3402,30389.01
57,kr,Zenio,Jung Min,Choi,1021,30185.48
58,au,mOOnGLaDe,Andrew,Pender,1069,29884.72
59,de,GoOdy,Sascha,Lupp,1268,29551.33
60,kr,HongUn,Hong Wook,Ahn,1012,29392.1
61,nz,Petraeus,Mackenzie,Smith,4358,29356.82
62,se,Jinro,Jonathan,Walsh,1016,29281.38
63,us,JonSnow,Jarod,George,7336,29205.57
64,us,Suppy,Conan,Liu,2772,29127.75
65,fr,ToD,Yoan,Merlo,1342,28849.27
66,de,GunGFuBanDa,Fabian,Mayer,5078,28612.24
67,kr,Hack,Young Il,Kim,1125,28337.3
68,ca,Kane,Sam,Morrissette,3814,28160.16
69,kr,Reality,Ki Hyun,Kim,2215,28048.5
70,kr,Billowy,Do Kyung,Kim,1121,27883.8
71,kr,Moon,Jae Ho,Jang,1072,27753.0
72,ru,TitaN,Oleg,Kuptsov,1252,27305.56
73,ua,Strelok,Eugin,Oparyshev,1234,26232.89
74,kr,Lucky,In Soo,Lee,1085,26195.55
75,kr,Swagger,Sang Ho,Shin,1027,26002.48
76,kr,Trust,Sung Il,Choi,3656,25973.33
77,fr,Adelscott,Benoît,Strypsteen,1266,25262.63
78,ru,sLivko,Artem,Garavtsov,1256,25012.18
79,kr,Sleep,Seong Han,Kim,1295,24873.71
80,gb,BlinG,Samayan,Kay,1846,24509.39
81,kr,Monster,Hyun Seung,Tak,1097,24502.45
82,au,PiG,Jared,Krensel,1238,24348.2
83,us,Minigun,Chad,Jones,1325,23819.79
84,fi,Naama,Santeri,Lahtinen,1319,23652.91
85,kr,aMeBa,Woo Seo,Jung,1067,23453.09
86,dk,BabyKnight,Jon,Andersen,3047,23051.48
87,kr,Sora,Jung Hoon,Kim,4710,22454.49
88,ro,NightEnD,Silviu,Lazar,1250,22030.73
89,cn,TIME,Peinan,Li,19597,21949.55
90,pl,Tefel,Łukasz,Czarnecki,1279,21881.97
91,kr,Ensnare,Sang Cheol,Kim,1023,21405.83
92,se,Namshar,Christoffer,Kolmodin,10207,21284.73
93,kr,Puzzle,Sang Jun,Kim,1038,21283.06
94,kr,Hush,Young Bong,Byun,8360,21245.16
95,us,qxc,Kevin,Riley,1251,21232.06
96,kr,CoCa,Jong Hwan,Choi,1026,21102.85
97,kr,Kyrix,Joon,Han,1035,21076.53
98,pe,Fenix,Jian Carlo,Alejo,1124,21035.63
99,kr,Sorry,Ji Sung,Kim,4709,20962.49
0,kr,KingKong,Chung Hee,Yoo,3550,20712.3
1,de,Lambo,Julian,Brosig,7891,20565.77
2,kr,BoxeR,Yo Hwan,Lim,1047,20556.0
3,tw,Ian,Jia Hong,Lu,3407,20361.23
4,kz,PiLiPiLi,Pavel,Pilipenko,14871,20298.7
5,kr,Happy,Ho Jin,Ahn,1031,20282.07
6,us,Xenocider,Libo,Chang,3819,20245.0
7,kr,Choya,Hyung Seop,Lee,1043,20158.76
8,kr,Arthur,Myung Hyuk,Yoon,3653,19302.8
9,kr,Noblesse,Do Joon,Chae,1049,19225.92
10,kr,EffOrt,Jung Woo,Kim,1799,19020.98
11,rs,Beastyqt,Aleksandar,Krstić,1228,18646.75
12,us,Illusion,Chris,Lee,1261,18600.0
13,kr,Clide,Kyu Jong,Han,1015,18537.36
14,kr,TheBest,Chan Min,Kim,1040,18064.37
15,kr,Stork,Byung Goo,Song,1581,17974.41
16,au,Probe,Sean,Kempen,22089,17836.7
17,se,Bischu,Jesper,Johansson,1381,17615.97
18,kr,TricksteR,Ki Soo,Seo,1019,17462.28
19,at,monchi,Philipp,Simon,1287,17440.7
20,kr,Last,Sung Hyun,Kim,3442,17309.77
21,kr,YuGiOh,Seung Il,Jung,1050,17223.84
22,ca,Semper,Alexandru,Dimitriu,14598,17036.22
23,kr,Virus,Joon Yong,Park,1032,16929.44
24,de,DarKFoRcE,Jonathan,Belke,1255,16844.88
25,kr,anypro,Jung-Hwan,Lee,1010,16642.08
26,us,Sheth,Shawn,Simon,1098,16552.06
27,kr,sKyHigh,Byung Se,Jo,2216,16386.4
28,kr,Sting,Hoon,Ju,2416,15955.74
29,ph,EnDerr,Caviar Napoleon,Acampado,3267,15955.66
30,ru,LiveZerg,Andrey,Guldyashov,1380,15949.73
31,au,Seither,Sheldon,Barrow,27070,15563.81
32,kr,Sage,Kyung Chul,Woo,1096,15360.98
33,si,Starbuck,Matic,Dejak,4299,15356.88
34,fr,DnS,Adrien,Bouet,16474,15331.66
35,kr,Shine,Young Han,Lee,2071,15175.6
36,mx,JimRising,Jaime,Duran Silencio,2938,15115.3
37,ca,TT1,Payam,Toghyan,1059,15050.8
38,cn,LoveCD,Jun Feng,Li,2774,15036.64
39,kr,Check,Hyung Joo,Lee,1041,14984.49
40,kr,Armani,Jin Hyuk,Park,9779,14737.54
41,kr,Flying,Jae Wook,Shin,3464,14602.08
42,kr,hyvaa,Dae Kun,Shin,2225,14460.06
43,cn,Shana,Wang,Yulun,12003,14429.83
44,kr,Ruin,Deok,Hong,3823,14328.08
45,us,State,Ryan,Visbeck,1326,14145.0
46,pe,CatZ,Paulo,Vizcarra,1335,13996.36
47,kr,asd,Dae Jin,Lee,1051,13926.54
48,it,ClouD,Carlo,Giannacco,1302,13407.52
49,us,Bails,Bailey,Thomas,7994,13314.55
50,be,Feast,Jérémy,Vansnick,1248,13257.26
51,kr,BrAvO,Joon Kyu,Noh,3619,13230.48
52,kr,DeParture,Hyun,Sung Min,11131,13150.5
53,ua,fraer,Igor,Turchin,2044,12927.28
54,by,LoWeLy,Anton,Plebanovich,1282,12724.76
55,kr,Daisy,Jong Hyuk,Lee,2826,12687.42
56,fr,SarenS,Pierre,Guivarch,1410,12544.33
57,us,Goswser,Michael,Dobler,2769,12508.15
58,cn,Mystery,Hu,Jiajun,12004,12364.86
59,kr,Forte,Ki Yong,Kim,10958,12343.58
60,kr,Check,Min Gyu,Kim,3827,12246.7
61,kr,Paralyze,Kyung Doo,Jung,2226,12170.67
62,kr,Action,Seong Dae,Kim,2228,12169.95
63,kr,Apocalypse,Min Hyung,Kim,3829,11983.5
64,cn,Ein,Gao,Kun,12008,11971.96
65,cn,Coffee,Yishen,Wu,27731,11844.2
66,ch,biGs,Han,Sang Cho,1258,11776.61
67,tw,Rex,Hao Cheng,Lei,13393,11749.14
68,tw,Slam,Yan Cheng,Liu,3401,11646.37
69,pl,souL,Piotr,Walukiewicz,11133,11561.76
70,se,LaLuSh,Faton,Rekathati,1323,11487.24
71,de,Hanfy,Fabian,Kattner,3211,11382.4
72,kr,Sound,Sang Hwan,Bae,1272,11216.81
73,kr,Line,Soo Ho,Kim,1055,11183.14
74,cn,Courage,Zanqi,Qian,7343,11065.01
75,kr,Terminator,Jae Sang,Ha,3437,10738.15
76,de,KrasS,Andreas,Ullrich,3089,10702.21
77,de,XlorD,Daniel,Spenst,1259,10695.35
78,au,MaFia,Timothy,He,2939,10587.76
79,pl,Tarson,Tomasz,Boro&#324;,1229,10549.83
80,ca,KiWiKaKi,Jonathan,Garneau,1160,10328.57
81,kr,LiveForever,Tae Hwan,Kim,1083,10193.83
82,kr,Inori,Min Gyu,Woo,1332,10031.99
83,kr,JangBi,Yeong Moo,Heo,1805,10028.25
84,pl,Guru,Szymon,Nieciąg,15825,10009.08
85,kr,Maka,Han Eol,Kwak,1054,9922.57
86,cn,JieShi,Jiajun,Hu,26639,9891.85
87,kr,hitmaN,In Bin,Goh,9780,9769.95
88,cn,Comm,Hui,Shen,2832,9759.87
89,kr,Journey,Tae Hee,Seo,4075,9683.51
90,au,NXZ,Ryan,Jones,4894,9442.53
91,kr,Aphrodite,Ga Young,Kim,2281,9327.54
92,no,Eiki,Eik,Nysted Grødem,5844,9288.31
93,tw,Nice,Yu Shiang,Huang,19604,9122.82
94,tw,AK,Zhe Wei,Li,3093,9122.55
95,se,StarNaN,Daniel,Ohlsson,2802,9121.67
96,ca,NoRegreT,Jake,Umpleby,10318,9083.92
97,ca,hendralisk,Henry,Zheng,3817,8762.29
98,kr,Pet,Nam Kyu,Park,3826,8708.82
99,kr,Quiet,Byung Hak,Song,1111,8579.33
0,ca,dde,Dong Yeon,Lee,1291,8552.72
1,ru,Rail,Artem,Avramenko,3622,8528.58
2,kr,HwangSin,Hwang,Seung Hyuk,1265,8395.41
3,kr,Blaze,Han,Jae Woon,7780,8275.97
4,de,Delphi,Lukas,Hilgers,2320,8095.8
5,pl,DieStar,Marcin,Wieczorek,1231,8034.75
6,se,HayprO,Hayder,Hussein,1117,7966.8
7,kr,Leta,Sang Moon,Shin,2053,7945.02
8,kr,Horang2,Kyung Min,Lee,2218,7945.02
9,kr,Snow,Yoon Chul,Jang,2233,7945.02
10,kr,Shine,Kyung Min,Choi,1299,7768.24
11,mx,Maker,Ricardo,Flores,2937,7552.57
12,kr,Sirius,Jin Sol,Choi,1678,7470.37
13,sg,Blysk,Thomas,Kopankiewicz,3551,7413.05
14,kr,mini,Hyun Je,Byun,2935,7320.73
15,gb,JonnyREcco,Paul,Whyte,3067,7235.87
16,kr,TheWinD,Sang Ik,Park,1044,7168.55
17,gb,Ziktomini,Nick,Copello,3070,7046.95
18,se,Seiplo,John,Seipel,1303,7019.55
19,kr,JookTo,Man Hyuk,Cho,1056,6918.62
20,fr,ShaDoWn,Thomas,Labrousse,20012,6900.13
21,kr,Crazy,Jung Hyun,Lim,2270,6880.58
22,tw,Hui,Jin Hui,Yuan,1851,6816.75
23,us,Astrea,Max,Angel,3743,6800.0
24,se,Miniraser,Viktor,Malmberg,3589,6782.98
25,kr,Min,Doh Hyung,Hwang,1065,6778.2
26,kr,Tassadar,Jung Hoon,Kim,1071,6759.42
27,kr,Brown,Min Soo,Choi,1102,6708.72
28,kr,YoungJoo,Kim,Young Joo,10940,6628.73
29,kr,Avenge,Nam Joong,Kim,1119,6551.04
30,sg,Revenant,Marcus Sin Yik,Tan,3403,6519.55
31,tw,DS,Jun,Wang,1850,6510.82
32,kr,ZerO,Myung Woon,Kim,1800,6397.95
33,tw,Cheetos,Shih Ting,Lin,8599,6350.05
34,kr,miso,Tae Hwan,Cho,1665,6348.31
35,kr,SpeeD,Geun Il,Park,12532,6250.0
36,kr,Comet,Hye Seong,Im,4482,6224.99
37,kr,Bear,Park,Kun Soo,10939,6224.99
38,kr,Hyperdub,Yoo Jong,Kim,1048,6153.66
39,kr,Aria,Gwang Ho,Song,4711,6038.12
40,de,Tarrantius,Patric,Dann,2347,6008.57
41,za,Drager,-,-,31483,5993.0
42,kr,GuineaPig,Hyun Tae,Kim,1106,5979.35
43,it,StarEagle,Maurizio,Carioti,1320,5884.61
44,us,NonY,Tyler,Wasieleski,1166,5850.0
45,pl,DaNa,Radosław,Danowski,3739,5848.66
46,cn,Cloudy,Gao,Yuan,12010,5766.15
47,cn,Punk,Hao,Pang,16995,5765.05
48,fr,AureS,Aurélien,Sannier,1278,5660.06
49,th,RedArchon,Thanapol,Kuachat,3268,5619.52
50,se,Winter,Felix,Hegethorn,15017,5608.92
51,ca,desRow,Marc-Olivier,Proulx,2315,5608.39
52,ve,ByRada,Alexander,Valbuena,24701,5607.14
53,cn,Rushcrazy,Tianchi,Qu,14542,5550.16
54,br,Potiguar,Aderson,Santos,1262,5550.0
55,kr,Light,Jae Ho,Lee,2057,5472.52
56,kr,Free,Yong Tae,Yoon,2227,5472.52
57,kr,PianO,Jin Mook,Lim,2244,5472.52
58,kr,BisAnG,Yoon,Ji Yong,10934,5472.52
59,kr,Hanbin,Jo,Han Bin,10935,5472.52
60,kr,HammEr,Hong,Jin Pyo,10936,5472.52
61,cn,Infi,Xu Wen,Wang,1340,5445.39
62,ru,Strange,Alexey,Solyakov,7383,5429.37
63,kr,dreamertt,Ji Hoon,Kim,2417,5352.13
64,kr,Shuttle,Seung Jin,Choi,2415,5307.12
65,tw,Expect,-,-,27324,5305.22
66,br,Tunico,Renan,Guilhem,1263,5250.0
67,us,Insur,Sky,Xu,2765,5200.0
68,br,Levin,Carlos,Cruz,3533,5200.0
69,kr,ReaL,Jin Sil,Oh,1253,5192.44
70,tw,Nifi,Yi-Ting,Liu,1849,5166.67
71,us,Hitman,Victor,Lin,5097,5130.0
72,ca,Bioice,Jackson,Wroblewski,17537,4994.85
73,kr,VINES,Sang Hun,Lee,1131,4971.87
74,hk,Bistork,Patrick,Ho,12007,4960.84
75,pl,ParanOid,Rafal,Kontowicz,1386,4889.35
76,ca,Ostojiy,Christopher,Ostojic,1847,4850.0
77,us,theognis,Michael,McClelland,2773,4835.71
78,fi,ZhuGeLiang,Wenlei,Dai,14696,4820.58
79,gb,Ourk,Liam,Streames,2536,4811.01
80,fr,Denver,Clément,Coste,7657,4797.78
81,ca,Drewbie,Andrew,Moysey,1164,4693.12
82,us,Guitarcheese,Alex,Tarkoff,7334,4670.0
83,kr,Center,Jae Sung,Choi,3615,4637.62
84,lt,Krr,Kristijonas,Barisas,1286,4613.2
85,us,Pandabearme,Isaac,Fox,17535,4529.04
86,kr,DRGLing,Won Ju,Lee,26671,4517.4
87,kr,Kop,Dong Won,Ji,3825,4494.88
88,fi,Satiini,Juha-Matti,Bäckström,1275,4450.96
89,kr,TurN,Dae Ho,Park,4074,4440.54
90,sg,Yekke,Jason,Chan,3552,4421.46
91,kr,JKS,Jae Kyung,Song,2891,4394.63
92,cl,Jarppi,Rodrigo,Hinojosa,13769,4385.0
93,kr,Bang,Dong Hyeon,Seo,4072,4310.9
94,us,daisuki,Peter,Yoo,2764,4300.0
95,ca,Jig,Simon,Lacasse-Labelle,4367,4227.62
96,tw,Fist,Yi Heng,Lin,5422,4201.35
97,nl,Optimus,Vincent,Klerks,18860,4138.69
98,es,LoLvsxD,Rubén,Pons Serrano,3049,4093.64
99,cn,F91,Sun Yi,Feng,2835,4076.57
0,br,Erik,Erik,Bermelho,24300,4040.92
1,kr,AnNyeong,Hak Seon,Moon,1294,4038.86
2,tw,Python,Chang Yu,Li,5423,3947.98
3,ar,Capoch,Patricio,Del Olmo,3535,3929.68
4,kr,Miya,Jong Bum,Jun,2892,3916.8
5,nz,MightyKiwi,David,Gore,19033,3912.35
6,se,merz,Tim,Olsson,1330,3906.88
7,it,Reynor,Riccardo,Romiti,15015,3866.37
8,us,GAMETIME,Stephen,Ankawi,17679,3846.5
9,kr,Mind,Sung Gyoon,Park,2064,3762.35
10,kr,HoeJJa,Kang Min,Koh,2075,3762.35
11,kr,BarrackS,Byung Yung,Hwang,2214,3762.35
12,kr,Motive,Won,Seon Jae,10937,3762.35
13,kr,Cacia,Lee,Dong Won,10938,3762.35
14,dk,Lillekanin,Steffen,Hovmand,10319,3758.39
15,kr,JuNi,Jun Hee,Yoo,2246,3757.98
16,kr,SonGDuri,Young Jin,Song,4071,3750.75
17,us,PainUser,Taylor,Parsons,1170,3750.0
18,us,Hellokitty,Zifeng,Wang,2766,3722.66
19,cn,Chick,Chuan Tao,Wu,26640,3703.95
20,nz,JazBas,Sung,Cho,2944,3677.77
21,cn,LoveTt,Liu,Yin,2836,3663.81
22,us,Arium,Samson,Nazaryan,7339,3615.99
23,ru,Aristeo,Anton,Vasilyev,1322,3614.21
24,fr,PsiOnic,Paul Daniel,dit Andrieu,11017,3593.29
25,kr,LegalMind,Kyung Soo,Kim,1066,3558.61
26,kr,Nettie,Yung Soo,Jun,1108,3550.84
27,us,CrunCher,Abdulaziz,Abed,1267,3528.57
28,kr,VanVanth,Myung Deok,Seo,1053,3520.74
29,us,intense,Andrew,Pirelli,13206,3516.47
30,us,Axslav,Nick,Ranish,1242,3464.29
31,se,hOpe,Dan,Gustafsson,4573,3439.21
32,kr,BeSt,Jae Wook,Doh,2051,3409.92
33,de,iNSoLeNCE,Alexander,Hein,2305,3405.64
34,kr,hOpe,Ji Soo,Jang,10942,3404.51
35,tr,Zerghamdi,Berkay,Erbaş,23652,3396.5
36,kr,Whale,Ahn,Joon Hwa,10977,3363.69
37,us,Raze,Jay,Whipple,31363,3267.0
38,it,JeaL,Diego,Sapienza,2621,3100.0
39,es,MikOeL,Miguel,López Flotats,4391,3093.39
40,us,Silky,Nick,McNeese,17470,3057.9
41,us,flo,Florence,Yao,2331,3050.0
42,tw,FLY,Ke Wei,Chen,3404,3044.9
43,us,KawaiiRice,Lok-Yin,Kwong,1336,3000.0
44,es,Majestic,Miguel,Julià Rubio,10946,2974.73
45,ca,SLush,Paul-David,Pagé,1168,2938.57
46,fr,KenZy,Bruno,Wafo-Tapa,3018,2891.03
47,kr,Luvsic,Chang Ho,Jo,1087,2865.13
48,kr,NalZa,Kong,Won Wook,10974,2847.54
49,gb,Lau,Nathan,Lau,3071,2837.36
50,ru,Siw,Vladimir,Syzranov,3738,2836.44
51,us,RuFF,Jesse,Hall,10390,2790.43
52,es,AlaStOr,Enrique,Marcias,3048,2750.48
53,pt,sYz,Diogo,Barbosa,1301,2748.73
54,ua,HappyZerg,Svyatoslav,Vlasyuk,2414,2721.1
55,tw,LittleWolf,-,-,27326,2714.77
56,ca,SaroVati,Brian,Zhao,3648,2691.66
57,kr,NightMare,Wook,Jang,37026,2682.0
58,ru,DmC,Dmitriy,Bakhtiyarov,12304,2673.68
59,kr,s2,Seung Suk,Lee,2247,2668.96
60,kr,Lee Jae Kyun,Lee,Jae Kyun,10943,2667.85
61,tw,HRU,Yong-Shan,Liang,11138,2666.67
62,no,Snitchables,Ruben,Drange,12318,2611.13
63,kr,Trend,Jin Seok,Park,4713,2602.34
64,no,Noticimus,Nicolai,Jacobsen,2897,2600.0
65,be,Orly,Olivier,Bellemans,1273,2596.46
66,kr,FrOzen,Dong Kun,Kim,2212,2591.89
67,it,Ryu,Eduard,Condori,33051,2583.42
68,cn,Clannad,Gong,Xun,5347,2582.76
69,kr,Junwi,Gyung Lak,Park,1077,2548.6
70,au,Light,Ray,Zi,2940,2546.72
71,de,AcRo,Andreas,Kirchner,2423,2529.77
72,cn,xiaOt,Li Wei,Sun,1352,2523.59
73,cn,Mayuki,Ma,Xue,13075,2500.0
74,kr,cOre,Jung Min,Ahn,1114,2497.65
75,au,tgun,Bradley,Seymour,2314,2448.54
76,us,Destiny,Steven,Bonnell,1176,2444.36
77,kr,Sparta,Wi Jin,Hwang,3438,2442.47
78,tw,SoftBall,Zhenyu,Zhan,5030,2412.54
79,cn,XluoS,Ying,Song,2834,2409.04
80,in,DemiLove,Varun,Immanuel,14544,2406.52
81,us,Machine,Bryce,Bates,1171,2389.29
82,cn,Clavie,Tianning,Chen,14116,2389.22
83,pl,Ziggy,Szymon,Filipek,34095,2385.59
84,ie,ABomB,Alex,Thomas,6179,2382.89
85,kr,Astraea,Bok Na,Young,1661,2382.46
86,lt,Fargo,Vaidas,Radavicius,2535,2380.91
87,kr,Cezanne,Jung Hwan,Kim,1073,2380.9
88,kr,PenguiN,Yoon Seok,Nam,12544,2380.42
89,kr,True,Yoo,Ki Sung,1425,2379.92
90,fr,Eeel,Christophe,Boucardey,2900,2364.58
91,cz,TomikuS,Pavel,Tomasek,3614,2341.05
92,ru,Revolver,Pavel,Belov,7380,2339.71
93,kr,Seal,Lee,Joon,1427,2336.9
94,cn,Firefly,-,-,37681,2324.57
95,fr,TuZeR,Romain,Franco,3016,2319.06
96,tw,Cell,-,-,21941,2308.26
97,pe,Smile,Max de la Fuente,Bentin,18380,2303.33
98,fr,MiNiMaTh,Mathieu,Perrus,7377,2300.99
99,cn,Aloha,-,-,16992,2271.1
0,fr,NeOAnGeL,Grégory,Ferte,7376,2265.68
1,ca,Drunkenboi,Henry,Luu,3816,2260.0
2,no,Kare,Marius,Skoglund,6772,2246.72
3,sg,OxygeN,Yang Lim,Wei,5087,2236.79
4,us,Zeal,Valentin,Monfort-Schaeffer,17267,2230.0
5,sg,iceiceice,Daryl Pei Xiang,Koh,1949,2200.0
6,br,ReasoN,Paulo,Cesar,13768,2200.0
7,ru,Noname,Nikita,Andreev,4300,2195.99
8,fr,YoGo,Pierre-Marie,Humeau,8569,2195.75
9,mn,Sioras,Ononbat,Bataa,28471,2187.5
10,us,Pokebunny,Nick,Taber,1245,2179.44
11,cn,Pigeon,Yingjie,Zhu,7346,2177.78
12,ru,Pomi,Sergei,Rodionov,1247,2167.0
13,cl,Darkness,Diego,Garcés,3539,2150.0
14,pe,BLord,Julio,Sotomayor,13140,2137.5
15,kr,Spear,Hyun Mok,Kim,1296,2127.73
16,kr,Neige,Jung,Jung Ho,10956,2118.47
17,fr,KleeneX,Leif,Boutin,2901,2111.42
18,kr,eMotion,Jae Hyun,Lee,5077,2102.39
19,us,iNcontroL,Geoff,Robinson,1172,2087.29
20,pl,Basior,Grzegorz,Basista,8049,2082.0
21,de,Akki,Arthur,Roskos,1304,2051.99
22,fr,CENSURE,Raphaël,Delétoille,7373,2031.41
23,ca,DdoRo,Jung Ho,Moon,2321,2007.95
24,cn,ezrc,Chao Zhang,Yun,7342,2002.64
25,br,Fortune,Nik,Nevermann,1848,2000.0
26,cn,ColaGirl,Li,Zhu,2337,2000.0
27,gb,Boombox,Isaac,Charles,11233,1994.96
28,au,Rossi,David,Rossi,2942,1993.82
29,fi,Fuzer,Samuli,Romppanen,2301,1957.69
30,kr,EJK,Evan Jaewon,Kim,11231,1953.47
31,kr,Ssak,Ho Seon,Choi,2239,1949.85
32,kr,horror,Hyo Jong,Kim,1297,1935.59
33,kr,Balloon,Mu Jun,Jeong,4073,1926.81
34,se,MaDFroG,Fredrik,Johansson,1356,1924.0
35,cn,Super,Ming Lu,Zhang,2837,1920.12
36,no,Icho,Jakob,Hedenstad,6767,1918.03
37,kr,BitByBit,Nam Kyu,Kim,1105,1910.64
38,tw,Vanilla,Yu Ta,Chou,5421,1909.24
39,kr,Hannibal,Dong Wook,Kim,2346,1878.54
40,us,rsvp,Julian,Xu,2420,1875.0
41,nz,Tilea,Tileä,Flavall,2945,1870.48
42,cn,Loup,Hong,Mu,5031,1862.46
43,se,viPro,Rasmus,Östersjö,2799,1853.95
44,de,Syck,Pham,Duc,11127,1814.29
45,nz,Crimson,Ben,Macdonald,14547,1808.48
46,kr,Sssaemi,Sae Mi,Moon,22056,1804.94
47,cn,Way,Xing Biao,Zhu,1237,1800.0
48,br,Naxx,-,-,3534,1800.0
49,cn,YHY,Han Yu,Yang,1235,1797.23
50,ru,Arctur,Aleksey,Rozhnov,34096,1792.4
51,kr,Sharp,Ki Seok,Jo,2278,1787.63
52,es,ToXiC,Jorge,Rodríguez,4392,1787.14
53,pl,uzer,Grzegorz,Muśko,3845,1771.74
54,kr,Sculp,Park,Yong Hwan,1428,1768.61
55,cn,Apologize,-,-,37682,1743.43
56,us,RaNgeD,Austin,King,1329,1738.17
57,tw,KevinLiu,-,-,29759,1736.08
58,gb,PuReBall,Marty,Rome,7193,1720.32
59,jp,PSiArc,Naohiro,Nishimura,11144,1704.78
60,kr,rare,Sang Joon,Lee,3439,1695.77
61,ca,KoMa,Brandon,Spinosa,4366,1695.0
62,kr,Artist,Min Ho,Jo,1333,1678.44
63,de,roof,Marvin,Gebhart,1283,1674.06
64,fi,PuPu,Benjamin,Puha,5514,1670.34
65,kr,mOoNan,Min Gyun,Kim,1173,1668.81
66,kr,Zoun,Han Sol,Park,16749,1640.63
67,za,PandaTank,Robert,Botha,3264,1634.31
68,ca,IefNaij,Jian Fei,Wang,1382,1625.0
69,vn,MeomaikA,Hong Phuc,Tran,37286,1616.55
70,us,Gatored,Benjamin,Brewer,1241,1600.0
71,cn,DreAm,Shijie,Zhu,3069,1599.87
72,au,Azure,Craig,Mackechnie,22091,1592.57
73,de,KauP,Alexander,Hahn,3219,1591.26
74,ru,Turuk,Constantine,Arzhavitin,1808,1590.94
75,kr,Bisu,Taek Yong,Kim,1589,1588.01
76,kr,JyJ,Jung,Young Jae,10941,1588.01
77,il,Adonminus,Mark,Ioshpa,4811,1585.56
78,gb,RiSky,Joshua,Hayward,30050,1575.94
79,cn,Zycart,Yichen,Zhai,16994,1569.95
80,de,DarkHydra,Christian,Lüftner,10618,1561.55
81,kr,Baby,Hyun Woo,Nam,1673,1557.93
82,pl,ArT,Tymoteusz,Makaran,29962,1521.74
83,fi,Soyhi,Niina,Kahela,13076,1500.0
84,nz,Sparrow,-,-,30366,1500.0
85,tr,Aegwynn,-,-,31484,1498.25
86,us,Artosis,Dan,Stemkoski,1417,1494.46
87,de,DBS,Thorsten,Seifert,3217,1491.97
88,no,SolO,Tobias,Glenne,6770,1474.68
89,se,QueenE,Emily,Krumlinde,5098,1448.1
90,fr,MoMaN,Emmanuel,Marquez,1480,1419.85
91,ru,Cubert,Marat,Shakirzyanov,11129,1406.58
92,us,LastShadow,Nick,De Cesare,1162,1400.0
93,au,Frustration,Ashley,Cox,14546,1398.26
94,fr,jeysen,Jérémy,Sène,19560,1397.06
95,au,Ninja,Alex,Smith,2943,1375.4
96,us,Spanishiwa,Michael,Yabut,1334,1360.0
97,kr,Jjun,Hye Joon,Jung,1079,1359.41
98,dk,CupCake,Thomas,Glinski,3015,1350.0
99,fi,Protosser,Jonne,Sotala,2896,1349.52
0,gb,Mix,Kane,Moore,10486,1349.13
1,kr,Jaehoon,Jae Hoon,Kim,2217,1347.92
2,kr,August,Siam,Kim,1068,1340.83
3,dk,Blackcidy,Anders,Pedersen,3090,1335.99
4,de,Rine,Christoph,Müller,2351,1335.18
5,au,Alopex,Johnny,Yang,12011,1334.78
6,kr,Salmosa,Sung Woo,Hwang,3440,1329.7
7,ca,Attero,Andrew,Golec,1243,1325.0
8,kr,PhoeNix,Young Sik,Jeon,1670,1313.11
9,ph,JaBiTo,Paolo,Javier,3269,1311.81
10,se,Naugrim,Mattias,Ottosson,2801,1302.51
11,us,Fitzyhere,Connor,Fitzpatric,2768,1300.0
12,kr,Ready,Jin Hyun,Moon,1089,1295.13
13,us,Trace,Adam,Kasparoff,17287,1284.03
14,kr,Mysticism,Young Joon,Yoo,1292,1261.81
15,ru,Abver,Aleksey,Drunin,6953,1255.22
16,kr,CrazymoviNG,Ki Soo,Han,1134,1254.12
17,se,Xyz,Dennis,Schmuck,4049,1252.3
18,no,Seriously,Mikal,-,2898,1250.0
19,de,Monty,Erik,Wilcke,4385,1238.18
20,nl,Sjaak,Wouter,Bree,10955,1235.69
21,no,RiChY,Richard,Rørmark,7389,1226.57
22,us,Mystik,Kenny,Vu,2767,1225.0
23,dk,SpaceMarine,Suayb,Köse,8189,1201.17
24,ca,Stalife,Sung Min,Park,1328,1200.0
25,us,Hawk,Devan,Subramaniam,2770,1200.0
26,pt,ScaM,Gabriel,De Moura,37534,1200.0
27,za,StatiC,-,-,31485,1198.6
28,za,Luke,-,-,31486,1198.6
29,sy,Elgolden,-,-,31487,1198.6
30,sa,Rakan,-,-,31488,1198.6
31,no,zUP,Erlend,Nygård,6773,1185.33
32,us,SirRobin,Robbie,Switts,10286,1175.0
33,no,Prebs,Preben,Johnsen,6769,1157.08
34,us,Honeybear,Joseph,Millard,10391,1135.0
35,kr,Gamja,Chang Gon,Kim,10287,1124.65
36,sg,ProAnnn,Poh Ann,Wang,3553,1120.82
37,br,DakkoN,Vitor,Ferreira,1260,1118.41
38,ua,Minato,Vitaliy,Ponomarenko,4868,1112.82
39,tw,Jojo,Hu,Yu Chiang,11141,1109.4
40,de,Zeth,Lukas,Heumos,10307,1107.38
41,kr,NaRa,Han Eul,Lee,4390,1102.65
42,tw,Nilon,Sheng Yong,Su,3408,1100.0
43,tw,Apro,Jue Hong,Yang,3409,1100.0
44,no,Evire,Eirik,Stensbøl,6768,1099.76
45,us,TriMaster,Joshua,Niven,2422,1096.22
46,kr,TREME,Joon Sung,Park,1127,1091.46
47,kr,SocceR,Deok Man,Yoon,1122,1086.04
48,us,Moosegills,Michael,Wolff,11232,1082.94
49,us,Siphonn,Kevin,Bentz,3623,1080.86
50,kr,Tankboy,Yoo Seok,Lee,1113,1065.02
51,kr,ButterflyEffect,Seung Ju,Baek,1078,1062.18
52,at,HateMe,Moritz,Pölzl,29719,1061.64
53,au,YoonYJ,Yo Jun,Yoon,2941,1061.07
54,cn,BreaKingGG,Yijie,Chen-Zhang,5784,1057.67
55,au,Yours,Cameron,Foster,35449,1056.18
56,kr,Freaky,Tae Young,Kim,2893,1055.38
57,kr,LabyRinth,Yoo Hyun,Doh,3652,1054.94
58,us,Sasquatch,Gage,DuBose,3066,1050.0
59,tw,wiNs,Zhi Wei,Cao,3410,1050.0
60,cn,SaberAltoria,Xiaoquan,Wang,18104,1046.66
61,no,civi,Simon,Barane,12319,1043.26
62,sg,nirvAnA,Bryan,Choo,7355,1042.07
63,bg,BateToshko,-,-,22471,1026.34
64,ca,TubbyTheFat,Jay,Martens,2827,1025.0
65,us,Perfect,Michael,Thompson,2771,1000.0
66,us,Cowman,Isaac,Krone,7993,1000.0
67,tw,Power,-,-,23390,1000.0
68,tw,FZJ,Rich Sub,Ka,23391,1000.0
69,tw,Croly,Lin Yi,Zong,23392,1000.0
70,au,Starhunter,Nicholas,Hogan,38784,1000.0
71,fr,GenjiTakiya,Romain,Locquet,8561,999.29
72,kr,Nado,Han Byeol,Kim,13145,998.99
73,ar,Zeus,Lucas,Paez,3538,989.84
74,de,kAra,Thomas,Ciolak,2350,986.87
75,pl,pal,Maciej,Matuszewski,5209,984.02
76,jp,kurOa,Hikaru,Koike,8040,978.43
77,se,Forsen,Sebastian,Fors,2796,968.06
78,kr,SUPERSTAR,Jung Min,Shin,1101,962.46
79,kr,iloveoov,Yun Sung,Choi,1580,960.0
80,us,Creature,Adam,Block,27256,960.0
81,sg,Kyzer,Ryan,Low,7297,950.0
82,pl,sLh,Piotr,Michalski,7997,938.88
83,pl,Romson,Remigiusz,Liana,11420,928.45
84,ca,kaitlyn,Kaitlyn,Richelle,12259,925.0
85,cn,Gemini,Guo,Jiayi,7208,923.57
86,fr,clem,Clément,Madon,9693,921.77
87,kr,BuJa,Won Jun,Lee,2419,919.96
88,kr,Brave,Hee Chang,Lee,3618,916.14
89,kr,Sea,Bo Sung,Yum,2066,914.29
90,fr,Uzikoti,Jacques,-,21689,907.36
91,cn,Sakya,Lyu,Tiecheng,14541,905.2
92,kr,FAlcon,-,-,22057,902.47
93,kr,Illusion,Jae Won,Cho,2311,900.0
94,ca,jEcho,Joseph,Lopez,2421,900.0
95,pe,XionS,Michael,Gonzales Villafuerte,3536,900.0
96,br,Falk,-,-,3537,900.0
97,br,Akhee,-,-,3544,900.0
98,us,Glon,Bryan,Gemler,6306,900.0
99,no,qualitY,Simen,Moe,7392,899.18
0,ru,CoolTea,Denis,Markov,1839,897.78
1,au,Pezz,Jack,Perry,4896,895.48
2,kr,Zero,Choon Ho,Lim,4715,894.73
3,ca,Believe,John,Lagousakos,10504,891.17
4,kr,ZanDarke,Chang Jong,Oh,1115,887.73
5,de,InZaNe,André,Becker,18742,886.85
6,kr,JSL,Jung Soo,Lee,1112,877.63
7,ro,DeathAngel,Andrei,Nodea,5206,876.78
8,sk,Bluecheese,Radovan,Viselka,19511,868.69
9,cn,CarsickZerg,-,-,12009,868.62
10,pl,SLiDeR,Dominik,Rogacki,1284,861.13
11,us,Cuddlebear,Max,Risdall,35521,850.0
12,nz,Kowi,Hamish,Parker,4355,847.36
13,au,HuT,Nicholas,Hutton,24074,846.42
14,es,EmPiReS,Oscar,Martín Noguerol,4393,844.25
15,cl,cRuZa,Rossel,Gaspar,3543,840.0
16,ch,Elroye,Eloi,Quach,5076,836.93
17,ru,ho8ot,Andrei,Mikheev,7381,833.33
18,th,indy,Chanin,Tingruttanasuwan,7316,831.12
19,au,Peppy,Jamie,Austin,37287,830.91
20,nl,RotterdaM,Kevin,van der Kooi,2619,829.0
21,kr,NaTuRal,Guk Hyeon,Kim,25931,828.96
22,il,Complain,Amit,Fisher,12392,823.5
23,us,Phog,Drew,Roberts,10505,819.5
24,cn,Silky,Yongxin,Yin,20271,817.48
25,mx,Pacomike,Francisco,Rodriguez,28592,807.14
26,mx,Zapo,Adrian,De Flon,3043,800.0
27,bo,DarKLoVeR,Bruno,Barrios,30367,800.0
28,gb,rANDY,Andrew,Whittle,3072,792.3
29,dk,StrinterN,Dennis,Christensen,3689,790.36
30,kr,SSanaEE,Kim,Tae Gyun,10960,783.1
31,kr,GuemChi,Seung Hyun,Kim,2213,781.62
32,pl,Senin,Marcin,Kręcidło,8048,774.01
33,es,HoBBiT,Moisés,Abascal,4389,773.92
34,se,RunA,Joacim,Persson,2798,772.64
35,kr,Classic,Hong Jae,Kim,2413,768.74
36,ar,MuRila,Diego,Bongiorni,3542,767.08
37,us,Bones,Myles,Donald,7337,765.33
38,es,Deathfate,Juan,Bayona,4395,750.1
39,de,GhosTa,Michael,Beck,11128,746.96
40,kr,Control,Doh Hyun,Na,2950,743.45
41,nl,ServaNT,Thomas,Lankreijer,18683,737.76
42,de,CPU,Christopher,Pütz,3812,737.55
43,de,inuh,Park,Hun,18623,736.42
44,ca,Jason,Jason,Papadimitrios,24489,732.94
45,ca,Magic,Naeem,Panchbhaya,3046,725.0
46,cn,Ash,Jin Yue,Zhang,3405,725.0
47,my,pRotonWira,David Yan Lee,Hoong,7300,724.61
48,fr,SonG,Timothé,Cynober,8052,718.47
49,us,StrifeCro,Cong,Shu,1244,716.43
50,fr,BsK,Jérémy,Duez,7374,713.32
51,fr,effecto,Eddy,Tritten,7395,707.8
52,kr,Odin,Young Min,Song,1110,704.99
53,ca,suggy,Ryan,Hrycznski,1403,700.0
54,br,Shakti,-,-,4340,700.0
55,us,PureLegacy,-,-,16083,700.0
56,us,Larry,-,-,16084,700.0
57,de,Hazed,Mathias,Pescheck,3218,694.9
58,cn,ZKO,-,-,12012,689.5
59,no,ChakrA,Einar,Baumann,7391,686.29
60,au,Poker,Brian,Yoon,4897,684.6
61,bg,Giantt,Danail,Lazov,3263,682.76
62,kr,Supreme,Choi,Seung Min,10959,676.86
63,se,MaddeLisk,Madeleine,Leander,2330,675.47
64,de,SaltTheWound,Bastian,Brouwers,3517,670.98
65,pl,Zazu,Patryk,Niemier,2623,666.09
66,be,ELVIS,Antoine,Paquay,2626,665.14
67,fr,MiNiCrow,Clémont,Dumont,28754,661.77
68,cn,LeeLee,Hanquan,Li,26638,656.9
69,nl,PoYo,Tom,Brekelmans,3068,654.24
70,fr,ChubZ,Simon,Vullo,4575,643.41
71,kr,Crane,Han Byul,Kim,1298,632.23
72,kr,Sync,Gil Sup,Byun,1104,622.58
73,kr,BBi,Hyo Jong,Park,1109,622.58
74,gb,Cladorhiza,David,Phillips,15540,619.64
75,kr,kkOma,Jung Gyoon,Kim,1107,612.17
76,kr,Eve,Shee Yoon,Kim,2282,606.48
77,kr,ShowTime,Ji Ho,Jung,10973,605.83
78,kr,Brain,Dong Gyu,Kim,3617,603.79
79,it,Narcotic,Federico,Tognini,15018,601.46
80,us,Edge,Josh,Yang,1246,600.0
81,co,Bellini,Cody,Kirkland,3540,600.0
82,co,Adj,Juan,Sebastián Jaimes,3541,600.0
83,sg,DrakE,Bryan,Sum,7289,600.0
84,bg,stakimaN,Nikolay,Nedelchev,7996,600.0
85,se,Mekar,Alexander,Jonsson,7998,600.0
86,ch,Mamba,Alwin,Hauser,32770,600.0
87,fr,MouLou,Alexandre,Delyon,28596,590.52
88,dk,Sonder,Niels,Schou-Andreasen,3687,589.23
89,kr,Harrier,Han Jin,Ju,2894,588.65
90,us,KiF1rE,-,-,17536,580.03
91,pl,Rodzyn,Sebastian,Leszczyński,30397,566.82
92,my,SSeoni,Benjamin Tian Liang,Chan,7301,566.41
93,de,miou,Daniel,Holthuis,2357,566.33
94,dk,Ciara,René,Krag,1270,560.16
95,kr,Dragon,Yong Soo,Jeon,1683,559.7
96,us,sleet,Anton,Bischoff-Fredrick,6392,554.09
97,kr,Legend,Seong Jeon,Yi,11446,549.99
98,fr,Rotab,Jean Baptiste,Doubez,14697,547.96
99,gb,Aicy,Tom,Couzens,19885,546.11
0,fr,Downfall,-,-,21691,542.39
1,cn,lengmo,-,-,21451,541.66
2,ch,Zervas,Fabio,Bügler,11447,539.01
3,au,Wally,Hayden,Bell,14545,532.86
4,kr,Yeah,Min Seok,Kim,1116,531.97
5,gb,Shibbxyz,-,-,4374,528.0
6,za,seeM,Mohamed,Lorgat,18115,525.83
7,us,Sugar,Austin,Kim,32601,525.0
8,kr,Tiger,Kim,Hyun Joon,11108,524.24
9,cn,Uhen,Yan,Luo,18746,522.77
10,ru,Roll,Sergey,Moroz,4336,521.57
11,cl,wiNgiAN,Giancarlo,Crosa,13766,518.41
12,de,FeaR,Richard,Au,15486,517.83
13,kr,Booster,Ho Joon,Moon,10957,517.66
14,kr,Hoon,Ji Hoon,Ha,15967,517.66
15,us,starkiller,John,Puchalski,35737,502.0
16,pl,Forte,Kamil,Sudor,2624,500.0
17,mx,Dark,Edgar,Chuc,3044,500.0
18,cn,SKTB,Bor Rong,Huang,3406,500.0
19,us,neversummer,-,-,24949,500.0
20,au,Sanchez,-,-,38785,500.0
21,bg,Kalin,Kalin,Romanov,6292,498.6
22,ca,Sottorks,Richer,Morin,37285,495.55
23,cn,Szxy,-,-,12669,490.78
24,us,Voltz,Daniel,Morgan,27261,489.5
25,cn,DouDou,Yujin,Wu,7350,489.13
26,de,Jaxx,Alexander,Quaiser,4386,481.94
27,cn,Banquet,-,-,16993,481.47
28,us,Sonic,Wen,Jin,7333,480.33
29,cn,Six,-,-,16996,479.22
30,se,Cytoplasm,Jonas,Larsson,2797,478.1
31,cn,MisS,Yiying,Han,14907,476.12
32,cn,Fly100%,Weiliang,Lu,1338,470.0
33,cn,TH000,Xiang,Huang,1402,470.0
34,ch,FunK,Romain,Altenbach,18575,469.07
35,cz,PredY,Tomáš,Pospíšil,1277,459.87
36,no,DogSladder,-,-,12320,459.63
37,it,Evaner,Giovanni,Finizio,15014,459.27
38,cn,JIN,-,-,28957,459.23
39,cn,亚城木梦叶,-,-,31496,458.1
40,de,NoXOuT,Marvin,Müller,1840,457.63
41,cn,luna,-,-,31489,457.2
42,cn,Yink,-,-,31498,457.2
43,ch,PengWin,Stefan,Mott,14810,455.52
44,cn,ZZzz,-,-,31494,453.08
45,kr,Sweetly,-,-,22058,451.24
46,ca,Silver,Strieb,Roman,1404,450.0
47,us,MurDeR,Ben,Cardwell,1405,450.0
48,gb,Phamut,Dan,McDonald,3266,450.0
49,gb,Simba,Tom,Mcfaul,4373,450.0
50,fr,MaSter,Nicolas,Guinard,7375,450.0
51,ru,Yurka,Yuri,Karev,7379,450.0
52,kr,Gerrard,Oi Shik,Park,1668,448.79
53,kr,Fairy,Bae,Chul Ho,11107,444.44
54,kr,Park,Jong Hyuk,Park,1671,443.24
55,kr,Gon,Seong Gon,Kim,1672,443.24
56,kr,FreeSaGa,Kook Jin,Ahn,1644,442.44
57,kr,Keeping,Kang Beum,Lee,1645,442.44
58,kr,justfake,Kwan Woo,Lee,1646,442.44
59,kr,DAVIT,Hyuk Bum,Kwon,1647,442.44
60,kr,Skit,Min Soo,Choi,1293,442.09
61,il,Osho,Dror,Evron,2517,441.83
62,pl,Indy,Igor,Kaczmarek,14133,441.4
63,no,Shad,-,-,6774,441.07
64,kr,Mamuri,Jae Hyun,Lim,4076,439.83
65,ua,White,Stepan,Yerichuk,3020,438.87
66,za,Shase,Travis,Weedon,27703,434.87
67,de,iRa,Robert,Graf,2352,433.64
68,es,Tanais,-,-,4396,430.35
69,kr,Weekend,Haeng Seon,Lee,1128,430.15
70,us,MCanning,Chris,Canning,25977,430.0
71,es,IeZaeL,Javier,Parra,7363,425.0
72,no,King,Tom-Andre,Lærum,7393,420.62
73,fi,Luolis,Valtteri,Argillander,5518,415.67
74,kr,Yong,Sung Yong,Hong,1663,415.46
75,dk,Avekatten,Andreas,Svendsen,3688,414.98
76,cn,CNProtoss,Tong,Shen,12013,414.03
77,cn,DyyS,Fangming,Han,19600,403.23
78,pa,CocoA,Aaron,Deir,1327,400.0
79,pl,Yeldy,Rafal,Burzynski,2625,400.0
80,sg,River,-,-,7290,400.0
81,cr,Dashiz,Roberto,Matarrita,13770,400.0
82,ae,Overdeath,-,-,23653,400.0
83,tw,ChaToU,-,-,27325,400.0
84,tw,naxiN,-,-,27327,400.0
85,tw,VetteL,-,-,27328,400.0
86,tw,麻麻十摳,-,-,27329,400.0
87,co,eGGz,Sebastian,Latorre,40618,400.0
88,fi,Haspe,Jari,Haapasaari,24466,396.51
89,us,sWs,Stephen,Schnieder,6400,393.65
90,fr,Laukyo,Laurent,Chung,3017,393.57
91,fi,Jagelius,Jaakko,Koski,10316,392.31
92,jp,TMjpg,-,-,8041,391.37
93,ca,CRbox,Martin,Maindl,10098,389.64
94,cn,XiaoKai,Kai,Zhang,36658,386.4
95,kr,Cyrano,Yong Jin,Kim,1688,386.0
96,ua,OutSide,Roman,Emelyanov,14132,382.37
97,se,Era,Erik,Anderssen,3520,380.22
98,us,jheffe,Christoper,Hefferon,40015,375.0
99,pl,Miszu,Michal,Słomczyński,8047,371.86
0,no,CheesyJunk,Petter,Moen,7385,371.57
1,cn,Ever,-,-,18106,370.82
2,us,Zan,Ryan,Matter,17534,370.03
3,de,NarutO,Silvano,Bovo,15512,369.96
4,fi,Core,Joonas,Kallio,5101,366.19
5,kr,lOvShinyStar,Seong Rae,Kim,1093,364.15
6,ru,Couguar,Vitaly,Roshin,12393,363.0
7,kr,hero,Il Jang,Jo,2049,361.84
8,kr,Revenge,Kim,Kun,9638,360.09
9,my,oneplus,-,-,7302,358.2
10,kr,Mujuk,Min Ho,Jung,1130,354.12
11,kr,Shark,Soo Hyeong,Lee,3828,353.47
12,kr,Punisher,Da Han,Lee,2895,351.34
13,no,Odinsama,-,-,21268,351.06
14,us,CauthonLuck,Rori,Bryant-Raible,1163,350.0
15,de,Mondragon,Christoph,Semke,1269,350.0
16,us,Spades,Brian,Francis,2313,350.0
17,nz,Stallion,Thomas,Sturman,4356,350.0
18,kr,trOt,Sung Jin,Park,6181,350.0
19,br,WM,-,-,6182,350.0
20,cn,WP,Peng,Wang,27527,343.48
21,bg,MetHiX,-,-,22472,342.11
22,kr,GGanDoL,Dong Min,Lee,2747,342.09
23,gb,Revolution,Matthew,Duff,22268,339.54
24,fr,hinO,Robin,Carrière,29871,338.8
25,cz,Harpner,Tomáš,Bruštík,11016,334.7
26,no,Kolbein,-,-,6771,333.05
27,gb,Stone,-,-,4380,331.51
28,tw,FunNv,Jen Hung,Wang,8600,331.04
29,tw,Mamba,Lien Cheng,Hung,31020,331.04
30,it,Diord,Lucio,Rossi,15021,328.05
31,de,KnowMe,Steffen,Fritzemeier,4383,326.51
32,de,Nimitz,-,-,3516,325.81
33,us,iNkA,Kelby,Williams,2310,325.0
34,us,AuRora,Alysa,Goose,2328,325.0
35,gb,Moomin,Chloe,Chippindale,4375,325.0
36,es,GranPkt,Fran,Núñez,4397,323.65
37,ca,Rifkin,Graham,Rogers,19007,323.0
38,us,ZombieGrub,Jessica,Chernega,19008,323.0
39,cn,TMR,-,-,18105,322.52
40,kr,Spunky,Kyu Hoon,Hwang,1650,322.51
41,tw,Husky,-,-,14969,321.45
42,au,Livibee,Olivia,Seeto,5099,320.61
43,ru,TheWeakness,Aleksandr,Obolonskiy,25685,313.9
44,kr,Hunter,Jin Ho,Kang,11419,312.51
45,tw,Ares,-,-,30365,310.49
46,cn,Nuclear,-,-,7348,310.41
47,kr,KySarr,Kang,Tai Hoon,10968,309.25
48,kr,Tible,Kwon,Hyuk Jae,10970,309.25
49,za,Stripe,-,-,27708,308.37
50,fi,Minkie,Riku,Kaartoaho,5515,307.88
51,cn,expertX,-,-,26805,307.22
52,cn,CancerMA,-,-,36033,303.8
53,cn,小坚强,-,-,36034,303.8
54,cn,高冷小傲娇,-,-,36035,303.8
55,de,KiToO,Andre,Duwe,10306,303.28
56,us,Playa,-,-,25313,303.0
57,br,AbuZerG,-,-,4341,300.0
58,kr,Venus,Gi Woong,Park,7332,300.0
59,tw,虐菜達人,-,-,27115,297.7
60,es,EviLiS,David,Rodríguez,4394,296.57
61,no,HeltEn,Torbjørn,Næristorp,28472,294.32
62,kr,FreeDom,Yong Seok,Jang,1358,292.76
63,ch,WuLvEraTe,Andreas,Brunner,2322,288.0
64,fi,Fireflyhugs,Aapo,Maijanen,5516,287.87
65,ua,Underdark,Alexandr,Golik,3745,286.35
66,de,Honor,Niklas,Behrens,7367,285.79
67,kr,NaYa,Chan Joong,Kim,1689,284.7
68,gb,TeebuL,Haseeb,Ishaq,25094,284.14
69,fr,Origine,Thomas,Aufresne,6305,283.85
70,jp,Vaisravana,-,-,8042,283.59
71,cz,DeViL,Ondřej,Balušek,11021,283.08
72,sg,Lobo,Alvin,Toh,7293,282.36
73,gr,TheMista,Themistoklis,Bonidis,14143,281.71
74,us,Future,Richard,Almand,10386,275.0
75,us,Geeden,-,-,10396,275.0
76,fr,hG,Mateusz,Pietrzak,6304,273.45
77,sk,Ladabaz,Matej,Zabadal,5210,271.03
78,gb,RazerBlader,Raza,Sekha,4377,269.46
79,kr,MadBull,Shin,Ki Hoon,10969,267.58
80,de,Primelot,Philipp,Fuhrmann,10305,267.36
81,it,Exehn,Riccardo,Malossi,15023,266.1
82,kr,Apple,Jae Geun,Oh,1674,265.95
83,kr,KYumer,In Kyu,Choi,1675,265.95
84,kr,Flint,Byung Joon,Kim,1676,265.95
85,kr,Garnet,Kyung Hwan,Min,1677,265.95
86,kr,Happiness,Hee Doo,Hwang,1679,265.95
87,kr,Cargo,Kyung Joon,Cho,1680,265.95
88,kr,Chief,Jin Se,Kong,1681,265.95
89,kr,ChickenCombo,Hyun Soo,Ju,1682,265.95
90,kr,Mentalist,Chung In,Kim,2557,265.91
91,es,Botvinnik,Gabino Luis,Lazo,17906,265.78
92,kr,FoCuS,Hyo Sub,Eom,1590,265.46
93,kr,Acupuncture,Tae Hoon,Ji,1648,265.46
94,kr,BrEEzE,Young Min,Baek,1649,265.46
95,kr,RenieHouR,Jung Hwan,Lee,1651,265.46
96,kr,Aory,Joon Young,Byun,1652,265.46
97,kr,Xian,Sang Taek,Oh,1653,265.46
98,kr,Wind,Jin Seok,Choi,1654,265.46
99,kr,Cella,Seung Pyo,Hong,1655,265.46
0,us,TorcH,Trevor,Housten,1656,265.46
1,kr,SengKun,Tae Kyun,Kim,1657,265.46
2,kr,Chipmunk,Won Wi,Hong,1658,265.46
3,kr,Dos,Yeong Kyu,Park,1659,265.46
4,kr,jjonga,Jong Hwa,Kim,1660,265.46
5,kr,New,In Jang,Bo,1662,265.46
6,kr,Hansin,Sang Hyun,Kim,1664,265.46
7,kr,Ssoja,Woong Jin,Park,1666,265.46
8,kr,Sopia,Min Kyu,Park,1667,265.46
9,kr,Myth,Sung Yeon,Kim,1669,265.46
10,my,Cobo,Hua Tan,Soon,7304,263.28
11,fr,RouaF,-,-,6303,263.07
12,kr,TanDongHo,Dong Ho,Tan,2412,261.27
13,kr,Flower,Kwang Sup,Kim,10975,261.03
14,se,FuRy,Sebastian,Pesic,1331,260.0
15,kr,Lots,Sung Hoon,Yoon,1684,259.7
16,kr,DreamizEr,Sang Yong,Lee,1685,259.7
17,kr,Libero,Tae In,Kim,1686,259.7
18,kr,Tosyad,Joong Wook,Woon,1687,259.7
19,kr,Drug,Jin Yung,Kwun,1690,259.7
20,kr,Choa,Jae Yong,Shim,1691,259.7
21,cn,Karl,-,-,12005,259.46
22,cn,老北京五开哥,-,-,12017,259.46
23,kr,TANGTANG,Dong Jin,Kim,17334,258.33
24,cz,h34D_hUnT3R,Vojtěch,Veselý,20402,258.08
25,no,Metalon,Simen,Li Løkaas,7390,257.76
26,cn,CaptainAM,Xuyu,Hu,26637,256.9
27,pl,cHoBo,Mateusz,Krawcyk,3746,252.87
28,it,oRioN,Lorenzo,Cortesi,2622,250.0
29,us,Skillet,Jonathan,Stiefel,2784,250.0
30,gb,DeMoN,Sam,Green,4376,250.0
31,gb,Reno,Kishan,Mistry,4378,250.0
32,gb,HighGaiN,-,-,4379,250.0
33,fr,SyDe,William,Rochet,6711,250.0
34,sg,Sweet,-,-,7296,250.0
35,fr,PuSh,Joni,Mustafaj,7378,250.0
36,ru,Creed,Andrey,Romanov,7382,250.0
37,se,Znow,Victor,Armblad,7384,250.0
38,es,eXeCuToR,Roberto,Mascarenhas,11130,250.0
39,us,brent,Brent,McNatt,12260,250.0
40,us,AprilTerran,Travis,Yang,19006,250.0
41,ca,PowerRussia,-,-,19009,250.0
42,ca,Draco,-,-,19010,250.0
43,us,Domorin,Cody,Lutzel,36596,250.0
44,pl,Jade,Mikołaj,Andrzejak,11448,249.17
45,gb,Jamesykins,James,Bartlett-House,11234,248.11
46,kz,MasterOK,Azamat,Turganbayev,1321,247.76
47,se,Jimpo,Jimmy,Wölfinger,1281,247.11
48,de,TcUltimate,Janik,Klawitter,20011,246.83
49,us,Agh,Josh,Bland,1169,245.0
50,cn,Blue,-,-,26979,244.0
51,no,Adrian,Adrian,Søreide,20124,241.64
52,ca,Imagine,Mark,Leonardo,2829,241.59
53,be,Makouni,Corentin,Lacroix,2627,240.0
54,ua,UkraineStar,Igor,Kobylyansky,3019,240.0
55,kr,SoN,Lee,Sang Kun,11010,240.0
56,gb,Rotcod,Jake,Forsey,6675,239.52
57,kr,Shadow,Erik,Kim,2745,235.0
58,us,Deezer,Manuel,Germain,1838,233.75
59,ru,LaZ,-,-,3515,233.1
60,my,Timber,Ho,Julian,7309,231.64
61,gb,Fenner,Daniel,Fenner,14548,229.92
62,cn,菊花向阳粪冲天,-,-,31492,229.62
63,cn,XiaoC,-,-,31493,229.05
64,cn,无限大的梦想背后,-,-,31497,229.05
65,cn,Byhnewbee,-,-,31490,228.6
66,cn,Lieben,-,-,31499,228.6
67,cn,科技大学宿舍没网,-,-,31491,228.48
68,fr,Kamikaze,Lucas,Dupouy,7394,228.13
69,au,Law,Lawrence,Ho,22090,226.95
70,de,DasDuelon,Dylan,Schlagregen,4899,226.55
71,cn,Psmoonsun,-,-,31495,226.54
72,fr,Ixion,Jordan Ben,Mkaddem,33301,226.49
73,pl,Gomas,Marcin,Mrugala,13027,225.71
74,ca,Mkengyn,Brian,Nguyen,2831,225.0
75,ca,Chorong,Andy,Hoang,4361,225.0
76,ca,HyperDesi,Mark,Kaila,4362,225.0
77,ca,DuSteR,Tariq,Patel,4363,225.0
78,us,DayaL,-,-,6394,225.0
79,cn,AIMO,-,-,7341,225.0
80,fi,Calt,Eetu,Laustela,14698,223.11
81,kr,TerrOr,Jeon,Ji Won,10966,220.83
82,th,Jump,Kasidith,Vorakitpokatorn,7320,220.29
83,bg,ZeeRaX,Georgi,Marinov,1271,220.0
84,it,LoZ,Emilio,Maffi,2323,220.0
85,us,Schnitzel,Corey,Schnedl,11230,220.0
86,nz,Another,-,-,4359,218.86
87,de,Chabby,Lars,Nawa,29720,217.63
88,kr,YangSongE,Jung,Dong Hyun,10976,217.21
89,se,Multi,Pontus,Cervin,32856,213.26
90,nl,Jona,Jonathan,Stelma,17290,211.1
91,sg,Fiery,-,-,7326,210.57
92,nl,NTT,Anker,Scharn,1727,210.48
93,es,WaKa,Carlos,Pérez Arenas,19590,210.0
94,de,Levi,-,-,18858,209.82
95,au,RivaL,Henry,Yum,24073,207.94
96,kr,Barbie,Yu Ra,Lee,10962,205.83
97,kr,Chance,-,-,10963,205.83
98,kr,eins,Joo,Jin Hyuk,10964,205.83
99,kr,HyoLyn,Kang Bin,Kim,10965,205.83
0,kr,Splendid,Jang,Hyun,10967,205.83
1,kr,Acou,Kim,Ji Hwang,10971,205.83
2,kr,Kong,Jun Young,Son,10972,205.83
3,ee,Hymy,-,-,20406,203.89
4,it,Narsil,Jordan,Gottardo,15026,202.32
5,tw,Gow,Bang-Yan,Ye,11139,201.06
6,de,Wilko,Christoph,Wilkowiecki,4384,200.81
7,it,BaFFinO,Simone,Martina,2324,200.0
8,ca,DaSakura,Roxanne,Daviault,2333,200.0
9,kr,Wannabecool,Won Tae,Lee,2744,200.0
10,ca,Ryze,Brendon,Walker,2830,200.0
11,ua,sda,Ruslan,Kogut,3021,200.0
12,dk,Utopi,Jens,Jæger,3092,200.0
13,nz,TheGoonSquad,-,-,4357,200.0
14,nz,SIN,-,-,4360,200.0
15,us,ArtofWar,-,-,6823,200.0
16,sg,Ease,Royce,Tang,7356,200.0
17,sg,sMoke,-,-,7357,200.0
18,sg,ChoseN,-,-,7358,200.0
19,sg,dempsey,-,-,7359,200.0
20,sg,Dougy,-,-,7360,200.0
21,sg,Snow,-,-,7361,200.0
22,no,WhistleR,-,-,7386,200.0
23,fi,imakki,Ville,Hassinen,7387,200.0
24,dk,Cheerful,Mathias,Høyer,7388,200.0
25,at,Cube,Wolfgang,Schwarz,10385,200.0
26,us,TheoRy,Derek,Travisano,10387,200.0
27,us,PiRatE,-,-,10388,200.0
28,us,Merovingius,-,-,10389,200.0
29,us,Filoleg,-,-,10392,200.0
30,us,Napoleon,-,-,10393,200.0
31,us,LuvstoSpooge,-,-,10394,200.0
32,us,TheWay,-,-,10395,200.0
33,us,MomenT,-,-,10397,200.0
34,th,HaDeZ,-,-,11148,200.0
35,th,Maya,-,-,11149,200.0
36,us,ChanmanV,Chris,Chan,19424,200.0
37,lt,KrrFan,-,-,27496,200.0
38,au,Kobe,-,-,38786,200.0
39,de,LoCo,Michael,Fuchs,2353,199.06
40,de,Farmer,Daniel,Ciesla,2349,198.86
41,ca,DeathRow,Pierre-Luc,-,15608,197.09
42,cn,YDForever,-,-,12006,194.18
43,cn,wanted,-,-,12015,194.18
44,us,Jaden,-,-,27701,191.26
45,se,Seala,Erik,Ramquist,27707,187.34
46,hr,CheeseKing,Tomislav,Matić,13807,185.95
47,kr,Soulman,Jong Hyun,Lee,7325,184.26
48,kr,TopClass,Bang Min,Jung,1118,184.01
49,pl,Druzdil,Wojtek,Pawłowicz,5208,183.84
50,ca,AlexCMoi,Alexandre,Michaud,8390,180.79
51,th,Strike,-,-,7317,180.46
52,de,INTERNETHULK,Dennis,Hawelka,1482,177.5
53,pl,Gerald,Mateusz,Budziak,40363,176.65
54,no,Poseidon,-,-,28473,176.59
55,pl,Malcom,Szymon,Świrgal,38406,175.4
56,es,kayZer,-,-,7362,175.0
57,es,Trehor,-,-,7364,175.0
58,es,Sirckcraft,-,-,7365,175.0
59,es,ZeroX,-,-,7366,175.0
60,us,WarreN,Dylan,Warren,18584,175.0
61,no,LegendKiller,-,-,37721,174.71
62,lu,JackO,Jacques,Fuchs,4871,173.51
63,ru,control,Yaroslav,Popov,1837,173.08
64,fi,Tulimeri,Petteri,Oinonen,5517,171.19
65,gb,Jimmeh,-,-,13028,171.04
66,gb,Deranging,-,-,13029,171.04
67,us,RayReign,Brandon,Bernatz,16133,170.0
68,fi,SaDe,Aku,Kangas,15283,167.96
69,ca,Stormtrooper,Brandon,Herron,20013,167.76
70,de,Scandicain,Fabian,Knauer,20014,167.09
71,br,Tonho,Marco,dos Santos,12697,166.79
72,tw,Wulong,Wu-Long,Lei,11140,166.67
73,jp,breek,Taiki,Kobayashi,11142,166.67
74,jp,nemuke,Daigo,Ozaki,11143,166.67
75,jp,ENZA,Senzaki,Toshikazu,11145,166.67
76,jp,vaisravana,-,-,11146,166.67
77,jp,CriMsoN,-,-,11147,166.67
78,fr,Wolf,Christophe,Laporte,1369,163.11
79,cz,nExt,Ondřej,Herman,20388,162.4
80,dk,Theo,Theodor,Mikkelsen,22863,160.81
81,de,ImBaTosS,Adrian,Weiß,18443,158.94
82,fi,eNvious,Jere,Huumo,2302,158.52
83,cz,Rikytan,Jan,Kusák,5207,157.46
84,pl,Dejmien,-,-,27704,155.6
85,ru,Elbegast,Pavel,Semenov,14139,152.01
86,sg,rebOrn,Arthur,Lee,17532,150.8
87,us,Kreos,Jason,Jackson,17533,150.8
88,ca,OpTiKzErO,Karl,Angeles,2299,150.0
89,ca,FireZerg,Sam,Prowse,2828,150.0
90,pt,ScReaM,José,Amaral,3265,150.0
91,us,MaSsan,Harry,Cheong,3740,150.0
92,ca,Nezi,-,-,4364,150.0
93,ca,Dime,-,-,4365,150.0
94,ca,Fuzzy,Nick,Degtiarev,4368,150.0
95,ca,Nova,-,-,4369,150.0
96,ca,Zergling,Matt,Czosnek,4370,150.0
97,ca,Jakebake,Jacob,Shevloff,4371,150.0
98,ca,Chobittsu,-,-,4372,150.0
99,us,HasHe,Yuri,Demenchukov,4398,150.0
0,cn,Flower,-,-,5785,150.0
1,cn,Yuki,-,-,5786,150.0
2,us,WoBWoB,-,-,6391,150.0
3,cn,TTLK,-,-,7344,150.0
4,cn,DFlong,-,-,7345,150.0
5,cn,Scwawp,-,-,7347,150.0
6,cn,Forever,-,-,7349,150.0
7,cn,Nine,-,-,7351,150.0
8,cn,Turbo,-,-,7353,150.0
9,cn,KingCN,Haonan,Xu,7354,150.0
10,ca,Alceister,David,Huang Fe,14809,150.0
11,ca,Scrottum,-,-,31364,150.0
12,us,PracticeX,David,-,39096,150.0
13,kr,SeoHyeon,Seo Hyeon,Park,2987,149.72
14,au,Legionnaire,Peter,Neate,1573,148.41
15,au,adRo,-,-,38789,148.41
16,cn,Exia,Chi,Ma,13144,146.25
17,gb,Gamerrichy,Richard,Cox,30051,146.09
18,ua,Vasilisk,Vasiliy,Rudenko,3741,145.15
19,us,Nathanias,Nathan,Fabrikant,12543,145.0
20,us,Rengen,-,-,25320,145.0
21,se,Fade,-,-,2800,144.47
22,es,Ryo,José Luis,Moreno Durán,11105,142.86
23,ch,Niroxs,Marc,Fehlmann,11451,142.86
24,pl,Matiz,Mateusz,Kowalski,27443,142.24
25,nl,Dlovan,-,-,35002,140.32
26,ua,ALF,Aleksander,Yatsenko,14912,140.2
27,ca,Midday,Samuel,He,15031,140.05
28,cl,Kieds,-,-,3545,140.0
29,za,ChaosTheory,-,-,27700,139.84
30,fr,FremAN,Antonin,Nosenzo,11421,139.29
31,cz,PikA,Alexandr,Jacko,31019,139.19
32,ua,Hellraiser,Bogdan,Kozar,34100,136.51
33,se,ZpuX,Tobias,Nilsson,1274,135.94
34,fr,Quent,Christophe,Genevois,33300,135.85
35,au,deth,Daniel,Haynes,4895,134.88
36,de,Mardow,Sebastian,Dutsch,17979,134.33
37,de,yingyang,-,-,4382,134.05
38,de,And3ad,Andreas,Bajor,15470,133.68
39,de,Eloids,-,-,19193,133.68
40,fr,ToTo,Thomas,Leveel,8547,131.95
41,it,Skorpio,Alessandro,Mortillaro,15022,131.22
42,it,Nikui,Vittorio,Di Toro,15024,131.22
43,it,Chucky,Alessandro,Artoni,15025,131.22
44,de,Biphy,Jakob,Klamser,3809,130.97
45,cn,xiaojue,-,-,7352,130.82
46,pl,KroLu,Michał,Królewski,4572,130.31
47,de,Olajuwon,Ole,Gregarek,2348,130.3
48,ie,tSlayer,Liam,Normoyle,12605,129.45
49,kr,FarmerHuan,-,-,26641,128.45
50,kr,Tikky,-,-,26642,128.45
51,cn,JoCeLyN,-,-,19606,126.2
52,cn,上海人形,-,-,19609,126.2
53,gb,Sabre,Andrew,Wilson,12602,125.0
54,us,Integral,-,-,17467,125.0
55,us,Darrenc,-,-,17468,125.0
56,us,Dolan,Paul,Dolan,35280,125.0
57,kr,Pro7ecT,Jae Gon,Kim,4870,124.59
58,dk,Storm,Morten,Storm,11018,123.57
59,za,ReaVeR,-,-,27705,121.43
60,gb,MythiC,-,-,31017,120.63
61,dk,Thorminator,Thor,Bagge,8666,118.09
62,au,yang,Mark,Richardson,7327,117.3
63,ca,HuShang,Devon,Prefontaine,17538,116.59
64,cn,安南秀,-,-,12018,114.06
65,ru,Vanya,-,-,40364,113.15
66,fi,VOrE,Voitto,Häkkinen,39350,111.96
67,tw,Calm,-,-,21942,110.1
68,cn,Manta,Keyin,Tang,26643,110.1
69,cn,Arrogance,Zirui,Zhang,26644,110.1
70,cn,悲丶歌,-,-,26645,110.1
71,fr,SoulSpirit,Alexy,Duviler,31248,108.7
72,ru,DeathMask,Dmitry,Filippov,17905,108.17
73,ru,inNirvana,Marat,Faridov,14118,107.79
74,us,Jowj,Josiah,Ledbetter,7338,107.66
75,ca,NuBrGNi,John,Victor Kim,7340,107.66
76,us,Koshkii,-,-,27031,106.74
77,cz,ReiToR,Ondrej,Svojše,19512,102.25
78,cz,Blackbird,Matěj,Šimáček,19513,102.25
79,za,Nibby,-,-,27702,101.81
80,us,Sterling,Sterling,Kolde,1289,100.0
81,kr,PeGaSuS,Min Woo,Ahn,1290,100.0
82,ua,Sonik,Ilya,Malysh,1825,100.0
83,ca,Mihai,Mihai,Avrigeanu,2298,100.0
84,us,xDooxP,Ho Won,Cheng,2785,100.0
85,us,Mewtwo,-,-,2988,100.0
86,us,Boyo,Tim,Braren,6307,100.0
87,us,Bubbles,Christopher,Guzman,6379,100.0
88,us,RemarK,Matthew,Kramer,6393,100.0
89,us,Ender,-,-,6395,100.0
90,sg,BlackStar,-,-,7288,100.0
91,sg,Veno,Samuel,Sng,7291,100.0
92,kr,UngNim,Jae Hyeon,Shim,11449,100.0
93,ca,DeathEnD,Martin,Roberge,11450,100.0
94,ru,Granath,-,-,14115,100.0
95,us,Lucky,Daniel,Elmblad,25699,100.0
96,us,printf,Dylan,Ramsay,31365,100.0
97,de,Lefy,Stefan,Voßen,18621,98.01
98,cn,lichqueen,-,-,19596,98.01
99,cn,How,-,-,27530,98.01
0,ru,Totovich,-,-,4869,97.95
1,cn,Homura,Xiaozhi,Zheng,12014,97.93
2,cn,庭哥,-,-,12016,97.93
3,jp,Grinkers,-,-,8043,97.84
4,de,nukular,Dominik,Keppner,4900,97.58
5,ru,MaXJKE,-,-,4867,96.85
6,cn,mickey,-,-,14543,96.25
7,dk,WPz,Emil,Worsøe,32820,95.84
8,us,Caliber,Patrick,Coury,10317,95.0
9,us,Epic,Alex,Damain,27259,95.0
10,ar,Pato,Patricio,Borghi,4342,94.68
11,us,EndOfLine,Erik,Faden,23217,92.86
12,hr,goblin,Leon,Vrhovec,39718,92.5
13,fr,Gartok,-,-,8548,92.37
14,au,Rize,Jessie,Byrne,27071,92.06
15,us,LzGaMeR,Jacob,Winstead,6382,91.43
16,kr,RyoO,Ryoo,Tae Hyung,11134,90.91
17,ca,UnCrissDeQc,-,-,8391,90.4
18,ca,KoreanAir,-,-,8392,90.4
19,au,RunaMoK,Josh,McMillan,35450,90.12
20,us,blu,-,-,24641,90.0
21,fi,Moilanen,-,-,5520,89.18
22,ch,xOni,Egzon,Shala,7368,88.0
23,by,Safa,Sergey,I.,7369,88.0
24,lt,Arew,Vytautas,Graičiūnas,7370,88.0
25,pt,Enchanted,Francisco,Canada,7371,88.0
26,ch,LionS,-,-,7372,88.0
27,no,Starscream,-,-,21269,87.77
28,no,Lizalfo,-,-,21270,87.77
29,kr,chankim,Chan Yang,Kim,29523,86.28
30,us,Pseudorandom,-,-,6403,85.0
31,us,ZergZingZing,Sang Jae,Park,11452,83.33
32,th,ViperPro,Tosapon,Tungkasen,7318,80.23
33,cl,BeAlone,-,-,3546,80.0
34,cl,cEbA,-,-,3547,80.0
35,cl,SenDoh,-,-,3548,80.0
36,cl,Soldier,-,-,3549,80.0
37,dk,Ninkum,Kenenth,Larsen,14131,80.0
38,gb,Figaro,Jasha,Birrell,19886,78.02
39,us,Padre,Clay,Finney,17469,77.5
40,au,Pox,Anthony,Carapetis,19032,76.55
41,fi,Themuszero,-,-,20407,76.51
42,gb,CadenZa,Zoe,Summers,2335,75.0
43,us,Jeff Kosaka,Jeff,Kosaka,2786,75.0
44,us,Jusun Park,Jusun,Park,2787,75.0
45,us,HDstarcraft,Alex,Do,2985,75.0
46,us,dice,Daisuke,Katsumata,3649,75.0
47,nl,Melle,Arjen,Jelgersma,3650,75.0
48,us,avilo,David,Blowe,10018,75.0
49,dk,Ignite,Alexander,Haugsted,11019,75.0
50,fr,Monsteuh,-,-,11020,75.0
51,us,AegiS,-,-,25315,75.0
52,us,Tambi,-,-,40016,75.0
53,us,Blast,Mohamed,Hachem,40017,75.0
54,us,Plurmorant,Matthew,Schulz,40018,75.0
55,us,Eradin,-,-,40019,75.0
56,us,DaeDaLus,-,-,40020,75.0
57,no,PaD,-,-,20126,73.11
58,fr,Imre,Benoit,Jugnon,39746,73.0
59,us,Koka,Thibault,Le Gall,39747,73.0
60,gb,Wardi,Jonathon,Ward,39748,73.0
61,fr,TKL,-,-,39749,73.0
62,fr,FunKa,Alexandre,Verrier,39750,73.0
63,au,Maynarde,Leigh,Mandalov,39751,73.0
64,pl,Emil,Emil,Wieczorek,39752,73.0
65,us,feardragon,Ravi,Pareek,39753,73.0
66,us,MygraiN,James,Horsey,28591,72.86
67,dk,POX,Casper,Stybert,29963,72.76
68,au,Myuu,Kevin,Chen,4898,72.54
69,dk,ActionJesuz,Lars,Krøjmand,18633,72.3
70,kr,Frontier,-,-,7328,72.16
71,de,sieesch,Ludwig,Müller-Zetzsche,13796,71.74
72,de,GaeMtOsS,Eric,Tschirner,15485,71.74
73,gr,Antisocial,-,-,18687,71.74
74,de,mEtRo,Alexander,Fritz,18635,71.69
75,za,ZXRP,-,-,27710,71.57
76,za,enjoy,-,-,27709,71.51
77,sg,Aaron,Aaron,Koh,7319,71.02
78,se,vOddy,Ludvig,Barreto,1481,70.73
79,ru,HobbyPlayer,-,-,18636,68.82
80,gb,robigi,-,-,18859,68.66
81,de,SKy,Sascha,Klenk,5205,68.37
82,hu,Damnosaurus,Gergő,Báró,5204,68.08
83,pl,SodoN,Robert,Mazurek,1479,67.48
84,de,spec,Alexander,Winterholler,18629,67.43
85,de,OgerTob,-,-,19194,66.84
86,de,FallY,Simon,Kindle,3810,65.63
87,de,Risk,Lenny,Neeb,18625,65.34
88,de,iLuvatar,Nicolas,Herb,18626,65.34
89,de,JuNe,Simon,Hoffmann,18628,65.34
90,lt,Nbs,Laurynas,Kisielius,3865,65.0
91,kr,SGW,Gun Woo,Shin,26670,65.0
92,at,naVi,Li,Zhu,15481,64.85
93,hk,nicholashk,-,-,4483,64.48
94,cn,SeRafiNe,-,-,19599,64.4
95,fi,Sein,Tuomas,Lahtinen,1433,63.45
96,my,Lamant,-,-,7303,63.28
97,my,TragicHero,-,-,7305,63.28
98,my,Geney,-,-,7306,63.28
99,my,Zeal,-,-,7307,63.28
0,fr,Spartfire,David,-,21690,62.67
1,kr,Sonagi,Jung Han,Choi,37724,62.5
2,au,Fighto,Ross,Muldoon,7331,61.8
3,ie,Veralynn,Vera,Lynn,3514,60.0
4,us,Zelniq,Jason,Choe,6380,60.0
5,us,Creative,-,-,6396,60.0
6,us,charlie,-,-,6397,60.0
7,us,JayWag,-,-,6398,60.0
8,us,NastyNate,-,-,6399,60.0
9,us,Oxygen,Steven,Reni,6401,60.0
10,us,cheesfactory,-,-,6402,60.0
11,ru,Unix,Alexander,Solyakov,14127,60.0
12,no,erL,Erlend,Fors,28474,58.86
13,no,HOODOUT,-,-,28475,58.86
14,cn,hzerg,-,-,20125,57.96
15,cn,Luffy,Hao,Ye,36659,57.96
16,cn,Edison,-,-,36660,57.96
17,cn,JiFeng,-,-,36661,57.96
18,ru,spellsinger,Petr,Umnikov,24640,57.65
19,za,Flarez,Leon,Wong,18108,56.58
20,be,spoon,-,-,27706,56.58
21,fi,sepisepi,Seppo,Kauppinen,15284,55.99
22,ar,Gool,Luciano,Delorenzi,4343,55.69
23,ar,LuCkyZ,Cristian,Leopoldo,4344,55.69
24,ar,berbATOV,-,-,4345,55.69
25,ar,Gwailo,Julián,Fasce,4346,55.69
26,br,DontPanic,Raian,Westin,13765,55.24
27,fi,Ouga,Ville,Wallin,28273,55.21
28,us,Hypernia,-,-,25314,55.0
29,fi,Enpo,-,-,5519,54.67
30,fi,Hyge,-,-,5521,54.67
31,pl,Gremory,Paweł,-,40697,54.5
32,fr,eRaZz,-,-,8549,52.78
33,pl,qbeN,Jakub,Witek,40692,52.51
34,za,RushMePlz,GavinRay,Nelson,23718,50.7
35,dk,Drafter,Rasmus,Kristensen,2297,50.0
36,ca,Kyhol,Kyle,Hollett,2304,50.0
37,ca,Baz,John,Bendis,2309,50.0
38,mx,Sylvanas,-,-,2329,50.0
39,tw,luway,-,-,2334,50.0
40,us,KTdonut,Katie,-,2336,50.0
41,tw,Swip,-,-,2986,50.0
42,sg,Polaris,-,-,7292,50.0
43,sg,Manly,-,-,7294,50.0
44,sg,Loire,-,-,7295,50.0
45,sg,DeathlyJo,-,-,7298,50.0
46,sg,Kunnie,-,-,7299,50.0
47,kr,xD,Choi Joon,Hyuk,11135,50.0
48,ru,Siena,-,-,13181,50.0
49,us,Coldflame,-,-,14814,50.0
50,us,Virium,Josiah,Boyer,30746,50.0
51,us,omgabanana,-,-,30747,50.0
52,de,ToM,-,-,31246,50.0
53,us,xKawaiian,Taylor,Vinson,32600,50.0
54,uy,DominiC,Kevin,Texeira,33498,50.0
55,us,TAGurPRGNANT,Preston,Tung,35279,50.0
56,my,Renson,-,-,38790,49.47
57,au,YoonYoJun,-,-,38791,49.47
58,nz,Soft,-,-,38792,49.47
59,au,sAint,-,-,38793,49.47
60,au,Mez,-,-,38794,49.47
61,au,Fooky,-,-,38795,49.47
62,sg,sheepy,-,-,38796,49.47
63,se,PGG,-,-,27699,49.35
64,cn,Intowind,-,-,27533,48.69
65,pl,ghasT,Mikolaj,Bastian,38408,46.58
66,pl,smileyGREEN,-,-,27697,46.2
67,ua,knoxville,Oleg,Skobelev,27698,46.13
68,ca,Zode,-,-,14815,45.0
69,de,iJustARandom,-,-,27696,44.07
70,ua,Friend,-,-,34097,41.55
71,us,chillatech,-,-,6404,40.0
72,us,Niv,-,-,6405,40.0
73,us,Paperboat,-,-,6406,40.0
74,us,MisoSoup,-,-,6407,40.0
75,us,Hatefiend,-,-,6408,40.0
76,us,wonkman,-,-,6409,40.0
77,us,HeroSS,-,-,6410,40.0
78,us,NightToad,-,-,6411,40.0
79,kr,ProL,-,-,11136,40.0
80,kr,Ares,Seo,Chang Deok,11137,40.0
81,us,Temp0,Kwame,Mensah,12261,40.0
82,ru,Helios,-,-,14145,40.0
83,us,Schnieder,Jeff,Schnieder,24642,40.0
84,th,Strafe,Robbie,Verspui,7329,38.79
85,us,Crilmon,David,Buksa,25318,38.0
86,nl,LeMur,-,-,12581,37.85
87,cr,EON,-,-,31367,37.0
88,nl,DarkSanta,-,-,18684,36.15
89,de,Bakuri,Timo,Lüdtke,18634,35.98
90,au,NaMeK,-,-,27072,35.92
91,ph,ProzeR,-,-,27073,35.92
92,au,Chase,-,-,27074,35.92
93,at,Tris,-,-,18685,35.79
94,fr,Thadortin,-,-,18686,35.79
95,hu,StuntR,-,-,18688,35.76
96,hu,Purple,-,-,18689,35.76
97,cz,KrOOdeR,Jakub,Richtr,18679,35.05
98,cz,Jarax,-,-,18680,35.05
99,de,Eisen,Martin,Stops,18681,35.05
0,de,Leonschakal,-,-,18682,35.05
1,no,Darroweve,Thorleif,Grande,37722,34.94
2,kz,PhoenixChoch,-,-,25509,34.42
3,tw,Wizard,-,-,13726,34.39
4,de,ZeRo,Tobias,Otte,15475,34.1
5,de,DeLoAdEr,Thomas,Möllenhoff,18631,34.1
6,de,mAth,-,-,28531,33.47
7,ar,Shuank,Juan,Manuel Serruya,4347,33.42
8,ar,Egg,-,-,4348,33.42
9,ar,Saku,-,-,4349,33.42
10,ar,CARRAS,-,-,4350,33.42
11,ar,Hikaro,-,-,4351,33.42
12,ar,Velocipablo,-,-,4352,33.42
13,ar,Kobu,Tomás,Díaz,4353,33.42
14,ar,ynoJ,-,-,4354,33.42
15,de,Zhosay,Tobias,Weihrauch,18632,33.41
16,ru,Yunga,-,-,21367,33.29
17,de,TrOn,Fabian,Schiedt,4387,32.85
18,de,CrystaX,Alexander,Schwindt,4388,32.85
19,gb,Bromaria,James,Hardwick,20408,32.79
20,at,rigety,Roland,Rumpold,18622,32.67
21,de,Rea,-,-,18624,32.67
22,de,CoBJoz,Joseph,Schutt,18627,32.67
23,de,LMD,Matthias,Mertens,18630,32.67
24,cn,YourMajestyL,-,-,27531,32.67
25,cn,cora,-,-,27528,32.62
26,de,Fiasco,Dominik,Braunheim,3808,32.59
27,cn,MSK,-,-,19605,32.2
28,dk,MperorM,Mathias,Bonde,31018,32.0
29,my,Cyclone,-,-,7308,31.64
30,my,RHKK,-,-,7310,31.64
31,my,makrsmenKN6,-,-,7311,31.64
32,my,Exhart,-,-,7312,31.64
33,my,psicotic,-,-,7313,31.64
34,my,Fatality,-,-,7314,31.64
35,my,Maybe877,-,-,7315,31.64
36,gr,Giselher,-,-,13808,30.99
37,us,Gretorp,Andre,Hengchua,6381,30.0
38,ru,KingCobra,Sergey,Kondaurov,14144,30.0
39,ca,Seryph,-,-,23224,30.0
40,ru,Milka,Maksim,Berezin,35001,29.48
41,ru,RusZerg,-,-,34102,29.08
42,ua,QuanChi,-,-,34103,29.08
43,kr,KDY,Dong-young,Kim,11106,27.78
44,us,Tesla,Robbie,Plata,34094,27.5
45,fr,Miyako,Laure,-,24968,26.94
46,us,MasterAsia,Ruodu,Wang,2300,25.0
47,dk,joejoe,Johannes,Witt,2303,25.0
48,us,ZeuS,Dan,Yoshida,2306,25.0
49,ca,YoonHo,Yoon Ho,Um,2307,25.0
50,us,Junny,Daniel,Jun,2308,25.0
51,kr,Returning,Dong Ho,Kim,2312,25.0
52,us,LuckyFool,Rob,Griesemer,2316,25.0
53,us,SyNc,Max,Kap,2317,25.0
54,ca,Time,Patrick,Allen,2318,25.0
55,kr,Berra,Jin Kun,Park,2319,25.0
56,sg,kellyMILKIES,Kelly,Ong Xiao Wei,2332,25.0
57,ca,Inkarnate,Ryan,Ormsby,2788,25.0
58,us,GraViTy,Ben,Molls,2789,25.0
59,us,johnouyoung,John,Ou Young,2790,25.0
60,us,Alexander Ly,Alexander,Ly,2791,25.0
61,us,Tony Pham,Tony,Pham,2792,25.0
62,us,KneeHi,Alek,Prillaman,2793,25.0
63,us,Frond,Gregory,Schafer,2794,25.0
64,us,Trump,Jeffrey,Shih,7139,25.0
65,be,HTOMario,Geoffrey,van der Spek,10017,25.0
66,gb,Franscar,-,-,10315,25.0
67,us,TheGiantNome,-,-,14816,25.0
68,us,Hunta,-,-,17288,25.0
69,us,BlackBearMe,-,-,17289,25.0
70,us,StarLord,-,-,18587,25.0
71,us,TheTRUTH,-,-,23222,25.0
72,us,NailBird,-,-,24643,25.0
73,us,Dnice,-,-,24644,25.0
74,us,AlphaPancake,-,-,25316,25.0
75,us,Isaac,-,-,25319,25.0
76,us,Monkeyballs,-,-,25321,25.0
77,fr,Behemoth,-,-,26806,25.0
78,fr,Relmer,Fred,Carpanedo,26809,25.0
79,ru,Healer,-,-,27178,25.0
80,kr,KellerMaN,Yoon Ho,Son,27257,25.0
81,kr,Picasso,-,-,27258,25.0
82,us,Nistic,Hans,Foster,27341,25.0
83,lt,Zygos,-,-,27497,25.0
84,lt,Sakkre,-,-,27498,25.0
85,lt,ilovean,-,-,27499,25.0
86,kr,Soloist,Jae Ho,Jung,29833,25.0
87,us,Seigifried,Peter,Spoto,38821,25.0
88,us,Neuro,Austin,Filsinger,39719,25.0
89,ru,Mef1STo,Vladimir,Chernikov,22680,24.63
90,ua,BuRning,-,-,27501,24.6
91,ru,Aizen,Aleksandr,Markalin,27500,24.08
92,us,Marre,-,-,37723,23.3
93,ru,SKillous,Nikita,Gurevich,34098,22.57
94,ru,Шахматист,-,-,27502,22.23
95,hu,Freeman,Levente,Frim,21366,22.2
96,dk,PappiJoe,-,-,29964,21.38
97,ru,Matvey,-,-,35000,21.35
98,sg,Maltiso,-,-,7322,21.07
99,pl,niceq,Adam,Ratajczak,38407,20.66
0,ua,Snake,Dmitriy,Grigoriev,4331,20.0
1,ca,Fayth,Josué,Sauvageau,6383,20.0
2,us,Night,-,-,7335,20.0
3,se,meYera,Mathias,Meyer,8533,20.0
4,us,Rigid,Coy,Brown,14117,20.0
5,ru,dSKe,Eugene,-,14119,20.0
6,ru,Lester,Arzhan,Bekzhanov,14120,20.0
7,bg,ToHio,Anton,Georgiev,14121,20.0
8,bg,Splendour,Lyubomir,Kozlovski,14122,20.0
9,ru,slyCAT,-,-,14123,20.0
10,pl,EffkA,Ewa,Wagner,14124,20.0
11,ca,Dreamcatcher,-,-,14125,20.0
12,ru,CuteZerg,Roman,Bashirov,14126,20.0
13,ua,Chelovek,Maxim,Kostenko,14128,20.0
14,ee,RelaX,Dmitri,Dudakov,14129,20.0
15,fi,Onva,-,-,14130,20.0
16,ru,Boroda,Dennis,Tarasov,14134,20.0
17,cz,Steve,-,-,14135,20.0
18,be,Cosmos,Nelson,Castiaux,14136,20.0
19,ca,Jaden,Eric,Beaulieu,14137,20.0
20,fr,Kimo,-,-,14138,20.0
21,nl,RainMan,Marc,Brink,14140,20.0
22,ru,Tigr,-,-,14141,20.0
23,ru,Affect,Roman,Sklenin,14142,20.0
24,us,freeedom,KJ,Garcia,23225,20.0
25,ru,Lucifer,Vladislav,Diskaev,34999,18.98
26,ph,Danezkie,Dane,Luis,7330,18.54
27,br,Sektor,Gabriel,Yamasita,13767,18.41
28,kz,KeeLo,-,-,25510,17.21
29,cn,YaphetsW,-,-,27534,16.53
30,cn,Misaka_Mikoto,-,-,27535,16.45
31,pl,GraVe,Adrian,Dembnicki,8050,16.42
32,pl,Pidiiinne,Damian,Grzybek,8051,16.42
33,cn,晓美焰,-,-,27532,16.41
34,cn,LemonTree,-,-,17291,16.38
35,cn,trickyboy,-,-,12019,16.33
36,cn,ExcuseKing,-,-,27529,16.33
37,kr,Se Jun Park,Se-jun,Park,19598,16.1
38,cn,shokaku,-,-,19601,16.1
39,cn,Empty,-,-,19602,16.1
40,cn,Oner,-,-,19603,16.1
41,cn,Darkness,-,-,19607,16.1
42,us,Siege,Kevin,Wysoczynski,19608,16.1
43,cn,瞬间全倒,-,-,19610,16.1
44,gb,Ceonsamea,Dayne,Kolk,14811,15.0
45,br,Lullaby,-,-,14812,15.0
46,us,MaNiacJace,-,-,14813,15.0
47,us,Dreams,Tom,Elkins,23223,15.0
48,ca,Vespasian,-,-,23226,15.0
49,us,Taranis,-,-,23227,15.0
50,ca,Apocalypse,-,-,23228,15.0
51,us,Otsegoflesh,-,-,25317,15.0
52,us,MiaKhalifa,-,-,25322,15.0
53,us,Sacrilege,Austin,Fiorito,25323,15.0
54,us,Qualia,-,-,27238,15.0
55,us,roka,-,-,31366,15.0
56,bg,ArchangeL,-,-,32094,15.0
57,us,Towelie,Ryan,Pannell,32095,15.0
58,us,LiqhT,Kailash,Jayaram,32096,15.0
59,us,Operator,-,-,34657,15.0
60,pl,ToZiS,-,-,40763,13.89
61,de,Miezekotze,-,-,35644,13.47
62,gb,AsTeR,Connor,Richardson,21368,13.32
63,gb,Genesis,-,-,26807,12.5
64,us,Resolve,-,-,26808,12.5
65,us,LOOPY,-,-,31247,12.5
66,ua,Hades,Aleksei,Chistiakov,34099,12.47
67,vn,Beethoven,-,-,7324,10.72
68,nz,MaSteR,Do Young,Kim,7323,10.53
69,au,EdgE,Cameron,Murrin,7321,10.15
70,ru,OvermindMK,Mihail,Krotov,34101,10.1
71,ru,Fallenger,Vladimir,Zolnov,34104,10.1
72,es,AqueroN,Rubén,Villanueva,22861,10.0
73,us,CalebAracous,Caleb,Jones,27260,10.0
74,ve,ThuNdeR,Jorge,Zambrano,28593,7.14
75,ve,Demonizer,Guillermo,Lunar,28594,7.14
76,pe,Kuyzz,-,-,28595,7.14
77,ru,Sunokasuri,-,-,35645,6.74
78,at,Sylvanas,Chantal,Frey,35646,3.37
79,us,NoveaStar,-,-,35647,3.37
80,us,Poizon,-,-,35648,3.37
81,be,Anolia,-,-,35649,3.37
82,ru,Easy,-,-,38984,2.37
